ISO-10303-21;
HEADER;
/* Generated by software containing ST-Developer
 * from STEP Tools, Inc. (www.steptools.com) 
 */

FILE_DESCRIPTION(
/* description */ (''),
/* implementation_level */ '2;1');

FILE_NAME(
/* name */ 'camera-arm-step.step',
/* time_stamp */ '2026-09-06T16:25:02+02:00',
/* author */ (''),
/* organization */ (''),
/* preprocessor_version */ 'ST-DEVELOPER v20.1',
/* originating_system */ 'Autodesk Translation Framework v15.8.0.0',
/* authorisation */ '');

FILE_SCHEMA (('AUTOMOTIVE_DESIGN { 1 0 10303 214 3 1 1 }'));
ENDSEC;

DATA;
#10=MECHANICAL_DESIGN_GEOMETRIC_PRESENTATION_REPRESENTATION('',(#13,#14,
#15,#16),#3659);
#11=SHAPE_REPRESENTATION_RELATIONSHIP('SRR','None',#3666,#12);
#12=ADVANCED_BREP_SHAPE_REPRESENTATION('',(#17,#18,#19,#20),#3658);
#13=STYLED_ITEM('',(#3675),#17);
#14=STYLED_ITEM('',(#3675),#18);
#15=STYLED_ITEM('',(#3675),#19);
#16=STYLED_ITEM('',(#3675),#20);
#17=MANIFOLD_SOLID_BREP('arm-main1camera',#2210);
#18=MANIFOLD_SOLID_BREP('holder',#2211);
#19=MANIFOLD_SOLID_BREP('arm-main2camera',#2212);
#20=MANIFOLD_SOLID_BREP('arm-camera1A',#2213);
#21=ELLIPSE('',#2234,2.35602594872028,0.6);
#22=ELLIPSE('',#2235,0.605007644814012,0.6);
#23=ELLIPSE('',#2237,0.604981967291602,0.6);
#24=ELLIPSE('',#2239,2.36191440123074,0.6);
#25=B_SPLINE_CURVE_WITH_KNOTS('',3,(#2923,#2924,#2925,#2926,#2927,#2928,
#2929,#2930,#2931,#2932,#2933,#2934,#2935,#2936,#2937,#2938,#2939,#2940,
#2941,#2942,#2943,#2944,#2945,#2946,#2947,#2948,#2949,#2950,#2951,#2952,
#2953,#2954,#2955,#2956),.UNSPECIFIED.,.T.,.F.,(4,2,2,2,2,2,2,2,2,2,2,2,
2,2,2,2,4),(0.,0.151318964246322,0.302637928492644,0.453939155020771,0.605240381548898,
0.756541608077026,0.907842834605153,1.05916179885147,1.2104807630978,1.36179972734412,
1.51311869159044,1.66441991811857,1.8157211446467,1.96702237117482,2.11832359770295,
2.26964256194927,2.42096152619559),.UNSPECIFIED.);
#26=B_SPLINE_CURVE_WITH_KNOTS('',3,(#3177,#3178,#3179,#3180,#3181,#3182,
#3183,#3184,#3185,#3186,#3187,#3188,#3189,#3190,#3191,#3192,#3193,#3194,
#3195,#3196,#3197,#3198,#3199,#3200,#3201,#3202,#3203,#3204,#3205,#3206,
#3207,#3208,#3209,#3210),.UNSPECIFIED.,.T.,.F.,(4,2,2,2,2,2,2,2,2,2,2,2,
2,2,2,2,4),(0.,0.0924179845570576,0.184835969114115,0.27714422107592,0.369452473037725,
0.462147769826321,0.554843066614916,0.647303625181594,0.739764183748272,
0.832224742314949,0.924685300881627,1.01738059767022,1.11007589445882,1.20238414642062,
1.29469239838243,1.38711038293949,1.47952836749654),.UNSPECIFIED.);
#27=B_SPLINE_CURVE_WITH_KNOTS('',3,(#3219,#3220,#3221,#3222,#3223,#3224,
#3225,#3226,#3227,#3228,#3229,#3230,#3231,#3232,#3233,#3234,#3235,#3236,
#3237,#3238,#3239,#3240,#3241,#3242,#3243,#3244),.UNSPECIFIED.,.F.,.F.,
(4,2,2,2,2,2,2,2,2,2,2,2,4),(0.,0.102241692653693,0.204483385307387,0.306706976838607,
0.408930568369827,0.511154159901047,0.613377751432268,0.715619444085961,
0.817861136739654,0.920102829393348,1.02234452204704,1.12456811357826,1.22679170510948),
 .UNSPECIFIED.);
#28=B_SPLINE_CURVE_WITH_KNOTS('',3,(#3245,#3246,#3247,#3248,#3249,#3250,
#3251,#3252,#3253,#3254),.UNSPECIFIED.,.F.,.F.,(4,2,2,2,4),(1.22679170510948,
1.3290152966407,1.43123888817192,1.53348058082562,1.63572227347931),
 .UNSPECIFIED.);
#29=B_SPLINE_CURVE_WITH_KNOTS('',3,(#3465,#3466,#3467,#3468,#3469,#3470,
#3471,#3472,#3473,#3474,#3475,#3476,#3477,#3478,#3479,#3480,#3481,#3482),
 .UNSPECIFIED.,.F.,.F.,(4,2,2,2,2,2,2,2,4),(0.370718945156088,0.463393101727117,
0.556067258298146,0.648752407201761,0.741437556105376,0.83412270500899,
0.926807853912605,1.01948201048363,1.11215616705466),.UNSPECIFIED.);
#30=B_SPLINE_CURVE_WITH_KNOTS('',3,(#3487,#3488,#3489,#3490,#3491,#3492,
#3493,#3494,#3495,#3496),.UNSPECIFIED.,.F.,.F.,(4,2,2,2,4),(0.,0.0926851902430807,
0.185370380486161,0.278044580864733,0.370718781243305),.UNSPECIFIED.);
#31=B_SPLINE_CURVE_WITH_KNOTS('',3,(#3497,#3498,#3499,#3500,#3501,#3502,
#3503,#3504,#3505,#3506),.UNSPECIFIED.,.F.,.F.,(4,2,2,2,4),(1.11215633096745,
1.20483053134602,1.29750473172459,1.39018992196767,1.48287511221075),
 .UNSPECIFIED.);
#32=CYLINDRICAL_SURFACE('',#2229,16.7);
#33=CYLINDRICAL_SURFACE('',#2231,4.);
#34=CYLINDRICAL_SURFACE('',#2233,0.6);
#35=CYLINDRICAL_SURFACE('',#2236,0.6);
#36=CYLINDRICAL_SURFACE('',#2238,0.6);
#37=CYLINDRICAL_SURFACE('',#2248,2.2);
#38=CYLINDRICAL_SURFACE('',#2279,16.2);
#39=CYLINDRICAL_SURFACE('',#2282,10.2);
#40=CYLINDRICAL_SURFACE('',#2303,2.45000000000001);
#41=CYLINDRICAL_SURFACE('',#2317,2.7);
#42=CYLINDRICAL_SURFACE('',#2327,10.2);
#43=CYLINDRICAL_SURFACE('',#2341,2.45000000000001);
#44=CYLINDRICAL_SURFACE('',#2344,2.77287383931414);
#45=FACE_BOUND('',#202,.T.);
#46=FACE_BOUND('',#204,.T.);
#47=FACE_BOUND('',#213,.T.);
#48=FACE_BOUND('',#215,.T.);
#49=FACE_BOUND('',#218,.T.);
#50=FACE_BOUND('',#221,.T.);
#51=FACE_BOUND('',#249,.T.);
#52=FACE_BOUND('',#250,.T.);
#53=FACE_BOUND('',#251,.T.);
#54=FACE_BOUND('',#253,.T.);
#55=FACE_BOUND('',#254,.T.);
#56=FACE_BOUND('',#255,.T.);
#57=FACE_BOUND('',#257,.T.);
#58=FACE_BOUND('',#259,.T.);
#59=FACE_BOUND('',#267,.T.);
#60=FACE_BOUND('',#269,.T.);
#61=FACE_BOUND('',#277,.T.);
#62=FACE_BOUND('',#279,.T.);
#63=FACE_BOUND('',#287,.T.);
#64=FACE_BOUND('',#301,.T.);
#65=FACE_BOUND('',#303,.T.);
#66=FACE_BOUND('',#307,.T.);
#67=FACE_BOUND('',#316,.T.);
#68=FACE_BOUND('',#318,.T.);
#69=FACE_BOUND('',#338,.T.);
#70=FACE_BOUND('',#340,.T.);
#71=CIRCLE('',#2228,16.7);
#72=CIRCLE('',#2230,16.7);
#73=CIRCLE('',#2232,4.);
#74=CIRCLE('',#2245,2.2);
#75=CIRCLE('',#2249,2.2);
#76=CIRCLE('',#2280,16.2);
#77=CIRCLE('',#2281,16.2);
#78=CIRCLE('',#2283,10.2);
#79=CIRCLE('',#2284,10.2);
#80=CIRCLE('',#2292,2.45000000000001);
#81=CIRCLE('',#2301,2.7);
#82=CIRCLE('',#2328,10.2);
#83=CIRCLE('',#2329,10.2);
#84=CIRCLE('',#2337,2.45000000000001);
#85=CIRCLE('',#2343,2.77287383931414);
#86=CIRCLE('',#2345,2.77287383931414);
#87=FACE_OUTER_BOUND('',#201,.T.);
#88=FACE_OUTER_BOUND('',#203,.T.);
#89=FACE_OUTER_BOUND('',#205,.T.);
#90=FACE_OUTER_BOUND('',#206,.T.);
#91=FACE_OUTER_BOUND('',#207,.T.);
#92=FACE_OUTER_BOUND('',#208,.T.);
#93=FACE_OUTER_BOUND('',#209,.T.);
#94=FACE_OUTER_BOUND('',#210,.T.);
#95=FACE_OUTER_BOUND('',#211,.T.);
#96=FACE_OUTER_BOUND('',#212,.T.);
#97=FACE_OUTER_BOUND('',#214,.T.);
#98=FACE_OUTER_BOUND('',#216,.T.);
#99=FACE_OUTER_BOUND('',#217,.T.);
#100=FACE_OUTER_BOUND('',#219,.T.);
#101=FACE_OUTER_BOUND('',#220,.T.);
#102=FACE_OUTER_BOUND('',#222,.T.);
#103=FACE_OUTER_BOUND('',#223,.T.);
#104=FACE_OUTER_BOUND('',#224,.T.);
#105=FACE_OUTER_BOUND('',#225,.T.);
#106=FACE_OUTER_BOUND('',#226,.T.);
#107=FACE_OUTER_BOUND('',#227,.T.);
#108=FACE_OUTER_BOUND('',#228,.T.);
#109=FACE_OUTER_BOUND('',#229,.T.);
#110=FACE_OUTER_BOUND('',#230,.T.);
#111=FACE_OUTER_BOUND('',#231,.T.);
#112=FACE_OUTER_BOUND('',#232,.T.);
#113=FACE_OUTER_BOUND('',#233,.T.);
#114=FACE_OUTER_BOUND('',#234,.T.);
#115=FACE_OUTER_BOUND('',#235,.T.);
#116=FACE_OUTER_BOUND('',#236,.T.);
#117=FACE_OUTER_BOUND('',#237,.T.);
#118=FACE_OUTER_BOUND('',#238,.T.);
#119=FACE_OUTER_BOUND('',#239,.T.);
#120=FACE_OUTER_BOUND('',#240,.T.);
#121=FACE_OUTER_BOUND('',#241,.T.);
#122=FACE_OUTER_BOUND('',#242,.T.);
#123=FACE_OUTER_BOUND('',#243,.T.);
#124=FACE_OUTER_BOUND('',#244,.T.);
#125=FACE_OUTER_BOUND('',#245,.T.);
#126=FACE_OUTER_BOUND('',#246,.T.);
#127=FACE_OUTER_BOUND('',#247,.T.);
#128=FACE_OUTER_BOUND('',#248,.T.);
#129=FACE_OUTER_BOUND('',#252,.T.);
#130=FACE_OUTER_BOUND('',#256,.T.);
#131=FACE_OUTER_BOUND('',#258,.T.);
#132=FACE_OUTER_BOUND('',#260,.T.);
#133=FACE_OUTER_BOUND('',#261,.T.);
#134=FACE_OUTER_BOUND('',#262,.T.);
#135=FACE_OUTER_BOUND('',#263,.T.);
#136=FACE_OUTER_BOUND('',#264,.T.);
#137=FACE_OUTER_BOUND('',#265,.T.);
#138=FACE_OUTER_BOUND('',#266,.T.);
#139=FACE_OUTER_BOUND('',#268,.T.);
#140=FACE_OUTER_BOUND('',#270,.T.);
#141=FACE_OUTER_BOUND('',#271,.T.);
#142=FACE_OUTER_BOUND('',#272,.T.);
#143=FACE_OUTER_BOUND('',#273,.T.);
#144=FACE_OUTER_BOUND('',#274,.T.);
#145=FACE_OUTER_BOUND('',#275,.T.);
#146=FACE_OUTER_BOUND('',#276,.T.);
#147=FACE_OUTER_BOUND('',#278,.T.);
#148=FACE_OUTER_BOUND('',#280,.T.);
#149=FACE_OUTER_BOUND('',#281,.T.);
#150=FACE_OUTER_BOUND('',#282,.T.);
#151=FACE_OUTER_BOUND('',#283,.T.);
#152=FACE_OUTER_BOUND('',#284,.T.);
#153=FACE_OUTER_BOUND('',#285,.T.);
#154=FACE_OUTER_BOUND('',#286,.T.);
#155=FACE_OUTER_BOUND('',#288,.T.);
#156=FACE_OUTER_BOUND('',#289,.T.);
#157=FACE_OUTER_BOUND('',#290,.T.);
#158=FACE_OUTER_BOUND('',#291,.T.);
#159=FACE_OUTER_BOUND('',#292,.T.);
#160=FACE_OUTER_BOUND('',#293,.T.);
#161=FACE_OUTER_BOUND('',#294,.T.);
#162=FACE_OUTER_BOUND('',#295,.T.);
#163=FACE_OUTER_BOUND('',#296,.T.);
#164=FACE_OUTER_BOUND('',#297,.T.);
#165=FACE_OUTER_BOUND('',#298,.T.);
#166=FACE_OUTER_BOUND('',#299,.T.);
#167=FACE_OUTER_BOUND('',#300,.T.);
#168=FACE_OUTER_BOUND('',#302,.T.);
#169=FACE_OUTER_BOUND('',#304,.T.);
#170=FACE_OUTER_BOUND('',#305,.T.);
#171=FACE_OUTER_BOUND('',#306,.T.);
#172=FACE_OUTER_BOUND('',#308,.T.);
#173=FACE_OUTER_BOUND('',#309,.T.);
#174=FACE_OUTER_BOUND('',#310,.T.);
#175=FACE_OUTER_BOUND('',#311,.T.);
#176=FACE_OUTER_BOUND('',#312,.T.);
#177=FACE_OUTER_BOUND('',#313,.T.);
#178=FACE_OUTER_BOUND('',#314,.T.);
#179=FACE_OUTER_BOUND('',#315,.T.);
#180=FACE_OUTER_BOUND('',#317,.T.);
#181=FACE_OUTER_BOUND('',#319,.T.);
#182=FACE_OUTER_BOUND('',#320,.T.);
#183=FACE_OUTER_BOUND('',#321,.T.);
#184=FACE_OUTER_BOUND('',#322,.T.);
#185=FACE_OUTER_BOUND('',#323,.T.);
#186=FACE_OUTER_BOUND('',#324,.T.);
#187=FACE_OUTER_BOUND('',#325,.T.);
#188=FACE_OUTER_BOUND('',#326,.T.);
#189=FACE_OUTER_BOUND('',#327,.T.);
#190=FACE_OUTER_BOUND('',#328,.T.);
#191=FACE_OUTER_BOUND('',#329,.T.);
#192=FACE_OUTER_BOUND('',#330,.T.);
#193=FACE_OUTER_BOUND('',#331,.T.);
#194=FACE_OUTER_BOUND('',#332,.T.);
#195=FACE_OUTER_BOUND('',#333,.T.);
#196=FACE_OUTER_BOUND('',#334,.T.);
#197=FACE_OUTER_BOUND('',#335,.T.);
#198=FACE_OUTER_BOUND('',#336,.T.);
#199=FACE_OUTER_BOUND('',#337,.T.);
#200=FACE_OUTER_BOUND('',#339,.T.);
#201=EDGE_LOOP('',(#1391,#1392,#1393,#1394));
#202=EDGE_LOOP('',(#1395));
#203=EDGE_LOOP('',(#1396,#1397,#1398,#1399));
#204=EDGE_LOOP('',(#1400));
#205=EDGE_LOOP('',(#1401,#1402,#1403,#1404));
#206=EDGE_LOOP('',(#1405,#1406,#1407,#1408));
#207=EDGE_LOOP('',(#1409,#1410,#1411,#1412));
#208=EDGE_LOOP('',(#1413,#1414,#1415,#1416));
#209=EDGE_LOOP('',(#1417,#1418,#1419,#1420));
#210=EDGE_LOOP('',(#1421,#1422,#1423,#1424));
#211=EDGE_LOOP('',(#1425,#1426,#1427,#1428));
#212=EDGE_LOOP('',(#1429,#1430,#1431,#1432));
#213=EDGE_LOOP('',(#1433));
#214=EDGE_LOOP('',(#1434,#1435,#1436,#1437));
#215=EDGE_LOOP('',(#1438));
#216=EDGE_LOOP('',(#1439,#1440,#1441,#1442,#1443,#1444,#1445,#1446,#1447,
#1448));
#217=EDGE_LOOP('',(#1449,#1450,#1451,#1452));
#218=EDGE_LOOP('',(#1453));
#219=EDGE_LOOP('',(#1454,#1455,#1456,#1457));
#220=EDGE_LOOP('',(#1458,#1459,#1460,#1461,#1462,#1463));
#221=EDGE_LOOP('',(#1464));
#222=EDGE_LOOP('',(#1465,#1466,#1467,#1468,#1469));
#223=EDGE_LOOP('',(#1470,#1471,#1472,#1473));
#224=EDGE_LOOP('',(#1474,#1475,#1476,#1477,#1478));
#225=EDGE_LOOP('',(#1479,#1480,#1481,#1482));
#226=EDGE_LOOP('',(#1483,#1484,#1485,#1486));
#227=EDGE_LOOP('',(#1487,#1488,#1489,#1490));
#228=EDGE_LOOP('',(#1491,#1492,#1493,#1494));
#229=EDGE_LOOP('',(#1495,#1496,#1497,#1498));
#230=EDGE_LOOP('',(#1499,#1500,#1501,#1502));
#231=EDGE_LOOP('',(#1503,#1504,#1505,#1506));
#232=EDGE_LOOP('',(#1507,#1508,#1509,#1510));
#233=EDGE_LOOP('',(#1511,#1512,#1513,#1514));
#234=EDGE_LOOP('',(#1515,#1516,#1517,#1518));
#235=EDGE_LOOP('',(#1519,#1520,#1521,#1522));
#236=EDGE_LOOP('',(#1523,#1524,#1525,#1526));
#237=EDGE_LOOP('',(#1527,#1528,#1529,#1530));
#238=EDGE_LOOP('',(#1531,#1532,#1533,#1534));
#239=EDGE_LOOP('',(#1535,#1536,#1537,#1538));
#240=EDGE_LOOP('',(#1539,#1540,#1541,#1542));
#241=EDGE_LOOP('',(#1543,#1544,#1545,#1546));
#242=EDGE_LOOP('',(#1547,#1548,#1549,#1550));
#243=EDGE_LOOP('',(#1551,#1552,#1553,#1554));
#244=EDGE_LOOP('',(#1555,#1556,#1557,#1558));
#245=EDGE_LOOP('',(#1559,#1560,#1561,#1562));
#246=EDGE_LOOP('',(#1563,#1564,#1565,#1566));
#247=EDGE_LOOP('',(#1567,#1568,#1569,#1570));
#248=EDGE_LOOP('',(#1571,#1572,#1573,#1574,#1575,#1576,#1577,#1578,#1579,
#1580));
#249=EDGE_LOOP('',(#1581,#1582,#1583,#1584));
#250=EDGE_LOOP('',(#1585,#1586,#1587,#1588));
#251=EDGE_LOOP('',(#1589,#1590,#1591,#1592,#1593));
#252=EDGE_LOOP('',(#1594,#1595,#1596,#1597,#1598,#1599,#1600,#1601,#1602,
#1603));
#253=EDGE_LOOP('',(#1604,#1605,#1606,#1607));
#254=EDGE_LOOP('',(#1608,#1609,#1610,#1611));
#255=EDGE_LOOP('',(#1612,#1613,#1614,#1615,#1616));
#256=EDGE_LOOP('',(#1617,#1618,#1619,#1620));
#257=EDGE_LOOP('',(#1621));
#258=EDGE_LOOP('',(#1622,#1623,#1624,#1625));
#259=EDGE_LOOP('',(#1626,#1627));
#260=EDGE_LOOP('',(#1628,#1629,#1630,#1631));
#261=EDGE_LOOP('',(#1632,#1633,#1634,#1635));
#262=EDGE_LOOP('',(#1636,#1637,#1638,#1639));
#263=EDGE_LOOP('',(#1640,#1641,#1642,#1643));
#264=EDGE_LOOP('',(#1644,#1645,#1646,#1647));
#265=EDGE_LOOP('',(#1648,#1649,#1650,#1651));
#266=EDGE_LOOP('',(#1652,#1653,#1654,#1655,#1656,#1657));
#267=EDGE_LOOP('',(#1658));
#268=EDGE_LOOP('',(#1659,#1660,#1661,#1662));
#269=EDGE_LOOP('',(#1663,#1664,#1665,#1666,#1667,#1668));
#270=EDGE_LOOP('',(#1669,#1670,#1671,#1672));
#271=EDGE_LOOP('',(#1673,#1674,#1675,#1676));
#272=EDGE_LOOP('',(#1677,#1678,#1679,#1680));
#273=EDGE_LOOP('',(#1681,#1682,#1683,#1684));
#274=EDGE_LOOP('',(#1685,#1686,#1687,#1688));
#275=EDGE_LOOP('',(#1689,#1690,#1691,#1692));
#276=EDGE_LOOP('',(#1693,#1694,#1695,#1696,#1697,#1698));
#277=EDGE_LOOP('',(#1699));
#278=EDGE_LOOP('',(#1700,#1701,#1702,#1703));
#279=EDGE_LOOP('',(#1704,#1705,#1706,#1707,#1708,#1709));
#280=EDGE_LOOP('',(#1710,#1711,#1712,#1713));
#281=EDGE_LOOP('',(#1714,#1715,#1716,#1717));
#282=EDGE_LOOP('',(#1718,#1719,#1720));
#283=EDGE_LOOP('',(#1721,#1722,#1723,#1724));
#284=EDGE_LOOP('',(#1725,#1726,#1727,#1728,#1729));
#285=EDGE_LOOP('',(#1730,#1731,#1732));
#286=EDGE_LOOP('',(#1733,#1734,#1735,#1736,#1737,#1738,#1739,#1740));
#287=EDGE_LOOP('',(#1741));
#288=EDGE_LOOP('',(#1742,#1743,#1744,#1745));
#289=EDGE_LOOP('',(#1746,#1747,#1748,#1749));
#290=EDGE_LOOP('',(#1750,#1751,#1752,#1753,#1754));
#291=EDGE_LOOP('',(#1755,#1756,#1757));
#292=EDGE_LOOP('',(#1758,#1759,#1760,#1761));
#293=EDGE_LOOP('',(#1762,#1763,#1764,#1765));
#294=EDGE_LOOP('',(#1766,#1767,#1768));
#295=EDGE_LOOP('',(#1769,#1770,#1771,#1772,#1773));
#296=EDGE_LOOP('',(#1774,#1775,#1776,#1777,#1778,#1779));
#297=EDGE_LOOP('',(#1780,#1781,#1782,#1783));
#298=EDGE_LOOP('',(#1784,#1785,#1786,#1787));
#299=EDGE_LOOP('',(#1788,#1789,#1790,#1791,#1792,#1793));
#300=EDGE_LOOP('',(#1794,#1795,#1796,#1797,#1798,#1799,#1800,#1801));
#301=EDGE_LOOP('',(#1802));
#302=EDGE_LOOP('',(#1803,#1804,#1805,#1806,#1807,#1808,#1809,#1810));
#303=EDGE_LOOP('',(#1811));
#304=EDGE_LOOP('',(#1812,#1813,#1814,#1815,#1816,#1817,#1818,#1819,#1820,
#1821));
#305=EDGE_LOOP('',(#1822,#1823,#1824,#1825));
#306=EDGE_LOOP('',(#1826,#1827,#1828,#1829,#1830,#1831,#1832,#1833));
#307=EDGE_LOOP('',(#1834));
#308=EDGE_LOOP('',(#1835,#1836,#1837,#1838,#1839,#1840,#1841,#1842,#1843));
#309=EDGE_LOOP('',(#1844,#1845,#1846,#1847));
#310=EDGE_LOOP('',(#1848,#1849,#1850,#1851));
#311=EDGE_LOOP('',(#1852,#1853,#1854,#1855));
#312=EDGE_LOOP('',(#1856,#1857,#1858,#1859));
#313=EDGE_LOOP('',(#1860,#1861,#1862,#1863));
#314=EDGE_LOOP('',(#1864,#1865,#1866,#1867));
#315=EDGE_LOOP('',(#1868,#1869,#1870,#1871,#1872,#1873));
#316=EDGE_LOOP('',(#1874));
#317=EDGE_LOOP('',(#1875,#1876,#1877,#1878));
#318=EDGE_LOOP('',(#1879,#1880,#1881,#1882,#1883,#1884));
#319=EDGE_LOOP('',(#1885,#1886,#1887,#1888));
#320=EDGE_LOOP('',(#1889,#1890,#1891,#1892,#1893,#1894));
#321=EDGE_LOOP('',(#1895,#1896,#1897,#1898,#1899,#1900));
#322=EDGE_LOOP('',(#1901,#1902,#1903,#1904,#1905,#1906,#1907,#1908,#1909,
#1910));
#323=EDGE_LOOP('',(#1911,#1912,#1913,#1914));
#324=EDGE_LOOP('',(#1915,#1916,#1917,#1918));
#325=EDGE_LOOP('',(#1919,#1920,#1921,#1922));
#326=EDGE_LOOP('',(#1923,#1924,#1925,#1926));
#327=EDGE_LOOP('',(#1927,#1928,#1929,#1930));
#328=EDGE_LOOP('',(#1931,#1932,#1933,#1934));
#329=EDGE_LOOP('',(#1935,#1936,#1937,#1938));
#330=EDGE_LOOP('',(#1939,#1940,#1941,#1942,#1943,#1944,#1945,#1946,#1947,
#1948));
#331=EDGE_LOOP('',(#1949,#1950,#1951,#1952));
#332=EDGE_LOOP('',(#1953,#1954,#1955,#1956));
#333=EDGE_LOOP('',(#1957,#1958,#1959,#1960,#1961,#1962,#1963,#1964));
#334=EDGE_LOOP('',(#1965,#1966,#1967,#1968));
#335=EDGE_LOOP('',(#1969,#1970,#1971,#1972));
#336=EDGE_LOOP('',(#1973,#1974,#1975,#1976,#1977));
#337=EDGE_LOOP('',(#1978,#1979,#1980,#1981));
#338=EDGE_LOOP('',(#1982));
#339=EDGE_LOOP('',(#1983,#1984,#1985,#1986,#1987,#1988,#1989,#1990,#1991,
#1992,#1993));
#340=EDGE_LOOP('',(#1994));
#341=LINE('',#2910,#616);
#342=LINE('',#2912,#617);
#343=LINE('',#2914,#618);
#344=LINE('',#2915,#619);
#345=LINE('',#2921,#620);
#346=LINE('',#2960,#621);
#347=LINE('',#2964,#622);
#348=LINE('',#2968,#623);
#349=LINE('',#2972,#624);
#350=LINE('',#2974,#625);
#351=LINE('',#2978,#626);
#352=LINE('',#2981,#627);
#353=LINE('',#2984,#628);
#354=LINE('',#2986,#629);
#355=LINE('',#2987,#630);
#356=LINE('',#2990,#631);
#357=LINE('',#2991,#632);
#358=LINE('',#2994,#633);
#359=LINE('',#2995,#634);
#360=LINE('',#2999,#635);
#361=LINE('',#3001,#636);
#362=LINE('',#3003,#637);
#363=LINE('',#3004,#638);
#364=LINE('',#3006,#639);
#365=LINE('',#3011,#640);
#366=LINE('',#3012,#641);
#367=LINE('',#3014,#642);
#368=LINE('',#3015,#643);
#369=LINE('',#3017,#644);
#370=LINE('',#3018,#645);
#371=LINE('',#3019,#646);
#372=LINE('',#3023,#647);
#373=LINE('',#3026,#648);
#374=LINE('',#3028,#649);
#375=LINE('',#3033,#650);
#376=LINE('',#3035,#651);
#377=LINE('',#3037,#652);
#378=LINE('',#3038,#653);
#379=LINE('',#3041,#654);
#380=LINE('',#3043,#655);
#381=LINE('',#3044,#656);
#382=LINE('',#3047,#657);
#383=LINE('',#3049,#658);
#384=LINE('',#3050,#659);
#385=LINE('',#3053,#660);
#386=LINE('',#3055,#661);
#387=LINE('',#3056,#662);
#388=LINE('',#3058,#663);
#389=LINE('',#3059,#664);
#390=LINE('',#3063,#665);
#391=LINE('',#3065,#666);
#392=LINE('',#3067,#667);
#393=LINE('',#3068,#668);
#394=LINE('',#3071,#669);
#395=LINE('',#3073,#670);
#396=LINE('',#3074,#671);
#397=LINE('',#3077,#672);
#398=LINE('',#3079,#673);
#399=LINE('',#3080,#674);
#400=LINE('',#3082,#675);
#401=LINE('',#3083,#676);
#402=LINE('',#3087,#677);
#403=LINE('',#3089,#678);
#404=LINE('',#3091,#679);
#405=LINE('',#3092,#680);
#406=LINE('',#3095,#681);
#407=LINE('',#3097,#682);
#408=LINE('',#3098,#683);
#409=LINE('',#3101,#684);
#410=LINE('',#3103,#685);
#411=LINE('',#3104,#686);
#412=LINE('',#3106,#687);
#413=LINE('',#3107,#688);
#414=LINE('',#3111,#689);
#415=LINE('',#3113,#690);
#416=LINE('',#3115,#691);
#417=LINE('',#3116,#692);
#418=LINE('',#3119,#693);
#419=LINE('',#3121,#694);
#420=LINE('',#3122,#695);
#421=LINE('',#3125,#696);
#422=LINE('',#3127,#697);
#423=LINE('',#3128,#698);
#424=LINE('',#3131,#699);
#425=LINE('',#3133,#700);
#426=LINE('',#3134,#701);
#427=LINE('',#3137,#702);
#428=LINE('',#3139,#703);
#429=LINE('',#3140,#704);
#430=LINE('',#3143,#705);
#431=LINE('',#3145,#706);
#432=LINE('',#3146,#707);
#433=LINE('',#3149,#708);
#434=LINE('',#3151,#709);
#435=LINE('',#3152,#710);
#436=LINE('',#3155,#711);
#437=LINE('',#3157,#712);
#438=LINE('',#3158,#713);
#439=LINE('',#3161,#714);
#440=LINE('',#3163,#715);
#441=LINE('',#3164,#716);
#442=LINE('',#3166,#717);
#443=LINE('',#3167,#718);
#444=LINE('',#3174,#719);
#445=LINE('',#3215,#720);
#446=LINE('',#3258,#721);
#447=LINE('',#3260,#722);
#448=LINE('',#3262,#723);
#449=LINE('',#3263,#724);
#450=LINE('',#3266,#725);
#451=LINE('',#3268,#726);
#452=LINE('',#3269,#727);
#453=LINE('',#3272,#728);
#454=LINE('',#3274,#729);
#455=LINE('',#3275,#730);
#456=LINE('',#3278,#731);
#457=LINE('',#3280,#732);
#458=LINE('',#3281,#733);
#459=LINE('',#3284,#734);
#460=LINE('',#3286,#735);
#461=LINE('',#3287,#736);
#462=LINE('',#3289,#737);
#463=LINE('',#3290,#738);
#464=LINE('',#3297,#739);
#465=LINE('',#3299,#740);
#466=LINE('',#3301,#741);
#467=LINE('',#3302,#742);
#468=LINE('',#3306,#743);
#469=LINE('',#3308,#744);
#470=LINE('',#3310,#745);
#471=LINE('',#3311,#746);
#472=LINE('',#3314,#747);
#473=LINE('',#3316,#748);
#474=LINE('',#3317,#749);
#475=LINE('',#3320,#750);
#476=LINE('',#3322,#751);
#477=LINE('',#3323,#752);
#478=LINE('',#3326,#753);
#479=LINE('',#3328,#754);
#480=LINE('',#3329,#755);
#481=LINE('',#3332,#756);
#482=LINE('',#3334,#757);
#483=LINE('',#3335,#758);
#484=LINE('',#3337,#759);
#485=LINE('',#3338,#760);
#486=LINE('',#3345,#761);
#487=LINE('',#3347,#762);
#488=LINE('',#3349,#763);
#489=LINE('',#3350,#764);
#490=LINE('',#3352,#765);
#491=LINE('',#3356,#766);
#492=LINE('',#3358,#767);
#493=LINE('',#3360,#768);
#494=LINE('',#3361,#769);
#495=LINE('',#3364,#770);
#496=LINE('',#3365,#771);
#497=LINE('',#3369,#772);
#498=LINE('',#3371,#773);
#499=LINE('',#3373,#774);
#500=LINE('',#3374,#775);
#501=LINE('',#3377,#776);
#502=LINE('',#3379,#777);
#503=LINE('',#3381,#778);
#504=LINE('',#3382,#779);
#505=LINE('',#3385,#780);
#506=LINE('',#3386,#781);
#507=LINE('',#3388,#782);
#508=LINE('',#3389,#783);
#509=LINE('',#3390,#784);
#510=LINE('',#3393,#785);
#511=LINE('',#3395,#786);
#512=LINE('',#3396,#787);
#513=LINE('',#3400,#788);
#514=LINE('',#3402,#789);
#515=LINE('',#3404,#790);
#516=LINE('',#3405,#791);
#517=LINE('',#3408,#792);
#518=LINE('',#3410,#793);
#519=LINE('',#3412,#794);
#520=LINE('',#3413,#795);
#521=LINE('',#3416,#796);
#522=LINE('',#3417,#797);
#523=LINE('',#3420,#798);
#524=LINE('',#3422,#799);
#525=LINE('',#3423,#800);
#526=LINE('',#3427,#801);
#527=LINE('',#3429,#802);
#528=LINE('',#3431,#803);
#529=LINE('',#3432,#804);
#530=LINE('',#3435,#805);
#531=LINE('',#3436,#806);
#532=LINE('',#3438,#807);
#533=LINE('',#3440,#808);
#534=LINE('',#3441,#809);
#535=LINE('',#3442,#810);
#536=LINE('',#3444,#811);
#537=LINE('',#3446,#812);
#538=LINE('',#3448,#813);
#539=LINE('',#3449,#814);
#540=LINE('',#3451,#815);
#541=LINE('',#3453,#816);
#542=LINE('',#3454,#817);
#543=LINE('',#3456,#818);
#544=LINE('',#3463,#819);
#545=LINE('',#3484,#820);
#546=LINE('',#3510,#821);
#547=LINE('',#3512,#822);
#548=LINE('',#3514,#823);
#549=LINE('',#3515,#824);
#550=LINE('',#3518,#825);
#551=LINE('',#3520,#826);
#552=LINE('',#3521,#827);
#553=LINE('',#3524,#828);
#554=LINE('',#3526,#829);
#555=LINE('',#3527,#830);
#556=LINE('',#3530,#831);
#557=LINE('',#3532,#832);
#558=LINE('',#3533,#833);
#559=LINE('',#3536,#834);
#560=LINE('',#3538,#835);
#561=LINE('',#3539,#836);
#562=LINE('',#3541,#837);
#563=LINE('',#3542,#838);
#564=LINE('',#3549,#839);
#565=LINE('',#3551,#840);
#566=LINE('',#3553,#841);
#567=LINE('',#3554,#842);
#568=LINE('',#3558,#843);
#569=LINE('',#3560,#844);
#570=LINE('',#3562,#845);
#571=LINE('',#3563,#846);
#572=LINE('',#3566,#847);
#573=LINE('',#3568,#848);
#574=LINE('',#3570,#849);
#575=LINE('',#3572,#850);
#576=LINE('',#3574,#851);
#577=LINE('',#3575,#852);
#578=LINE('',#3577,#853);
#579=LINE('',#3583,#854);
#580=LINE('',#3585,#855);
#581=LINE('',#3587,#856);
#582=LINE('',#3588,#857);
#583=LINE('',#3590,#858);
#584=LINE('',#3592,#859);
#585=LINE('',#3594,#860);
#586=LINE('',#3595,#861);
#587=LINE('',#3598,#862);
#588=LINE('',#3601,#863);
#589=LINE('',#3604,#864);
#590=LINE('',#3606,#865);
#591=LINE('',#3607,#866);
#592=LINE('',#3609,#867);
#593=LINE('',#3612,#868);
#594=LINE('',#3613,#869);
#595=LINE('',#3616,#870);
#596=LINE('',#3617,#871);
#597=LINE('',#3620,#872);
#598=LINE('',#3621,#873);
#599=LINE('',#3624,#874);
#600=LINE('',#3625,#875);
#601=LINE('',#3628,#876);
#602=LINE('',#3630,#877);
#603=LINE('',#3631,#878);
#604=LINE('',#3635,#879);
#605=LINE('',#3637,#880);
#606=LINE('',#3639,#881);
#607=LINE('',#3640,#882);
#608=LINE('',#3642,#883);
#609=LINE('',#3643,#884);
#610=LINE('',#3645,#885);
#611=LINE('',#3647,#886);
#612=LINE('',#3649,#887);
#613=LINE('',#3650,#888);
#614=LINE('',#3652,#889);
#615=LINE('',#3653,#890);
#616=VECTOR('',#2365,10.);
#617=VECTOR('',#2366,10.);
#618=VECTOR('',#2367,10.);
#619=VECTOR('',#2368,10.);
#620=VECTOR('',#2375,16.7);
#621=VECTOR('',#2380,4.);
#622=VECTOR('',#2383,10.);
#623=VECTOR('',#2386,10.);
#624=VECTOR('',#2391,10.);
#625=VECTOR('',#2392,10.);
#626=VECTOR('',#2397,10.);
#627=VECTOR('',#2400,10.);
#628=VECTOR('',#2403,10.);
#629=VECTOR('',#2404,10.);
#630=VECTOR('',#2405,10.);
#631=VECTOR('',#2408,10.);
#632=VECTOR('',#2409,10.);
#633=VECTOR('',#2412,10.);
#634=VECTOR('',#2413,10.);
#635=VECTOR('',#2416,10.);
#636=VECTOR('',#2417,10.);
#637=VECTOR('',#2418,10.);
#638=VECTOR('',#2419,10.);
#639=VECTOR('',#2422,10.);
#640=VECTOR('',#2427,10.);
#641=VECTOR('',#2428,10.);
#642=VECTOR('',#2429,10.);
#643=VECTOR('',#2430,10.);
#644=VECTOR('',#2433,10.);
#645=VECTOR('',#2434,10.);
#646=VECTOR('',#2435,10.);
#647=VECTOR('',#2440,2.2);
#648=VECTOR('',#2445,10.);
#649=VECTOR('',#2448,10.);
#650=VECTOR('',#2453,10.);
#651=VECTOR('',#2454,10.);
#652=VECTOR('',#2455,10.);
#653=VECTOR('',#2456,10.);
#654=VECTOR('',#2459,10.);
#655=VECTOR('',#2460,10.);
#656=VECTOR('',#2461,10.);
#657=VECTOR('',#2464,10.);
#658=VECTOR('',#2465,10.);
#659=VECTOR('',#2466,10.);
#660=VECTOR('',#2469,10.);
#661=VECTOR('',#2470,10.);
#662=VECTOR('',#2471,10.);
#663=VECTOR('',#2474,10.);
#664=VECTOR('',#2475,10.);
#665=VECTOR('',#2478,10.);
#666=VECTOR('',#2479,10.);
#667=VECTOR('',#2480,10.);
#668=VECTOR('',#2481,10.);
#669=VECTOR('',#2484,10.);
#670=VECTOR('',#2485,10.);
#671=VECTOR('',#2486,10.);
#672=VECTOR('',#2489,10.);
#673=VECTOR('',#2490,10.);
#674=VECTOR('',#2491,10.);
#675=VECTOR('',#2494,10.);
#676=VECTOR('',#2495,10.);
#677=VECTOR('',#2498,10.);
#678=VECTOR('',#2499,10.);
#679=VECTOR('',#2500,10.);
#680=VECTOR('',#2501,10.);
#681=VECTOR('',#2504,10.);
#682=VECTOR('',#2505,10.);
#683=VECTOR('',#2506,10.);
#684=VECTOR('',#2509,10.);
#685=VECTOR('',#2510,10.);
#686=VECTOR('',#2511,10.);
#687=VECTOR('',#2514,10.);
#688=VECTOR('',#2515,10.);
#689=VECTOR('',#2518,10.);
#690=VECTOR('',#2519,10.);
#691=VECTOR('',#2520,10.);
#692=VECTOR('',#2521,10.);
#693=VECTOR('',#2524,10.);
#694=VECTOR('',#2525,10.);
#695=VECTOR('',#2526,10.);
#696=VECTOR('',#2529,10.);
#697=VECTOR('',#2530,10.);
#698=VECTOR('',#2531,10.);
#699=VECTOR('',#2534,10.);
#700=VECTOR('',#2535,10.);
#701=VECTOR('',#2536,10.);
#702=VECTOR('',#2539,10.);
#703=VECTOR('',#2540,10.);
#704=VECTOR('',#2541,10.);
#705=VECTOR('',#2544,10.);
#706=VECTOR('',#2545,10.);
#707=VECTOR('',#2546,10.);
#708=VECTOR('',#2549,10.);
#709=VECTOR('',#2550,10.);
#710=VECTOR('',#2551,10.);
#711=VECTOR('',#2554,10.);
#712=VECTOR('',#2555,10.);
#713=VECTOR('',#2556,10.);
#714=VECTOR('',#2559,10.);
#715=VECTOR('',#2560,10.);
#716=VECTOR('',#2561,10.);
#717=VECTOR('',#2564,10.);
#718=VECTOR('',#2565,10.);
#719=VECTOR('',#2574,16.2);
#720=VECTOR('',#2581,10.2);
#721=VECTOR('',#2586,10.);
#722=VECTOR('',#2587,10.);
#723=VECTOR('',#2588,10.);
#724=VECTOR('',#2589,10.);
#725=VECTOR('',#2592,10.);
#726=VECTOR('',#2593,10.);
#727=VECTOR('',#2594,10.);
#728=VECTOR('',#2597,10.);
#729=VECTOR('',#2598,10.);
#730=VECTOR('',#2599,10.);
#731=VECTOR('',#2602,10.);
#732=VECTOR('',#2603,10.);
#733=VECTOR('',#2604,10.);
#734=VECTOR('',#2607,10.);
#735=VECTOR('',#2608,10.);
#736=VECTOR('',#2609,10.);
#737=VECTOR('',#2612,10.);
#738=VECTOR('',#2613,10.);
#739=VECTOR('',#2620,10.);
#740=VECTOR('',#2621,10.);
#741=VECTOR('',#2622,10.);
#742=VECTOR('',#2623,10.);
#743=VECTOR('',#2626,10.);
#744=VECTOR('',#2627,10.);
#745=VECTOR('',#2628,10.);
#746=VECTOR('',#2629,10.);
#747=VECTOR('',#2632,10.);
#748=VECTOR('',#2633,10.);
#749=VECTOR('',#2634,10.);
#750=VECTOR('',#2637,10.);
#751=VECTOR('',#2638,10.);
#752=VECTOR('',#2639,10.);
#753=VECTOR('',#2642,10.);
#754=VECTOR('',#2643,10.);
#755=VECTOR('',#2644,10.);
#756=VECTOR('',#2647,10.);
#757=VECTOR('',#2648,10.);
#758=VECTOR('',#2649,10.);
#759=VECTOR('',#2652,10.);
#760=VECTOR('',#2653,10.);
#761=VECTOR('',#2660,10.);
#762=VECTOR('',#2661,10.);
#763=VECTOR('',#2662,10.);
#764=VECTOR('',#2663,10.);
#765=VECTOR('',#2666,2.45000000000001);
#766=VECTOR('',#2669,10.);
#767=VECTOR('',#2670,10.);
#768=VECTOR('',#2671,10.);
#769=VECTOR('',#2672,10.);
#770=VECTOR('',#2675,10.);
#771=VECTOR('',#2676,10.);
#772=VECTOR('',#2679,10.);
#773=VECTOR('',#2680,10.);
#774=VECTOR('',#2681,10.);
#775=VECTOR('',#2682,10.);
#776=VECTOR('',#2685,10.);
#777=VECTOR('',#2686,10.);
#778=VECTOR('',#2687,10.);
#779=VECTOR('',#2688,10.);
#780=VECTOR('',#2691,10.);
#781=VECTOR('',#2692,10.);
#782=VECTOR('',#2695,10.);
#783=VECTOR('',#2696,10.);
#784=VECTOR('',#2697,10.);
#785=VECTOR('',#2700,10.);
#786=VECTOR('',#2701,10.);
#787=VECTOR('',#2702,10.);
#788=VECTOR('',#2705,10.);
#789=VECTOR('',#2706,10.);
#790=VECTOR('',#2707,10.);
#791=VECTOR('',#2708,10.);
#792=VECTOR('',#2711,10.);
#793=VECTOR('',#2712,10.);
#794=VECTOR('',#2713,10.);
#795=VECTOR('',#2714,10.);
#796=VECTOR('',#2717,10.);
#797=VECTOR('',#2718,10.);
#798=VECTOR('',#2721,10.);
#799=VECTOR('',#2722,10.);
#800=VECTOR('',#2723,10.);
#801=VECTOR('',#2726,10.);
#802=VECTOR('',#2727,10.);
#803=VECTOR('',#2728,10.);
#804=VECTOR('',#2729,10.);
#805=VECTOR('',#2732,10.);
#806=VECTOR('',#2733,10.);
#807=VECTOR('',#2736,2.7);
#808=VECTOR('',#2739,10.);
#809=VECTOR('',#2740,10.);
#810=VECTOR('',#2741,10.);
#811=VECTOR('',#2744,10.);
#812=VECTOR('',#2747,10.);
#813=VECTOR('',#2750,10.);
#814=VECTOR('',#2751,10.);
#815=VECTOR('',#2754,10.);
#816=VECTOR('',#2757,10.);
#817=VECTOR('',#2758,10.);
#818=VECTOR('',#2761,10.);
#819=VECTOR('',#2770,10.2);
#820=VECTOR('',#2771,10.2);
#821=VECTOR('',#2776,10.);
#822=VECTOR('',#2777,10.);
#823=VECTOR('',#2778,10.);
#824=VECTOR('',#2779,10.);
#825=VECTOR('',#2782,10.);
#826=VECTOR('',#2783,10.);
#827=VECTOR('',#2784,10.);
#828=VECTOR('',#2787,10.);
#829=VECTOR('',#2788,10.);
#830=VECTOR('',#2789,10.);
#831=VECTOR('',#2792,10.);
#832=VECTOR('',#2793,10.);
#833=VECTOR('',#2794,10.);
#834=VECTOR('',#2797,10.);
#835=VECTOR('',#2798,10.);
#836=VECTOR('',#2799,10.);
#837=VECTOR('',#2802,10.);
#838=VECTOR('',#2803,10.);
#839=VECTOR('',#2810,10.);
#840=VECTOR('',#2811,10.);
#841=VECTOR('',#2812,10.);
#842=VECTOR('',#2813,10.);
#843=VECTOR('',#2816,10.);
#844=VECTOR('',#2817,10.);
#845=VECTOR('',#2818,10.);
#846=VECTOR('',#2819,10.);
#847=VECTOR('',#2822,10.);
#848=VECTOR('',#2823,10.);
#849=VECTOR('',#2824,10.);
#850=VECTOR('',#2825,10.);
#851=VECTOR('',#2826,10.);
#852=VECTOR('',#2827,10.);
#853=VECTOR('',#2830,2.45000000000001);
#854=VECTOR('',#2835,10.);
#855=VECTOR('',#2836,10.);
#856=VECTOR('',#2837,10.);
#857=VECTOR('',#2838,10.);
#858=VECTOR('',#2839,10.);
#859=VECTOR('',#2840,10.);
#860=VECTOR('',#2841,10.);
#861=VECTOR('',#2842,10.);
#862=VECTOR('',#2845,10.);
#863=VECTOR('',#2848,10.);
#864=VECTOR('',#2851,10.);
#865=VECTOR('',#2852,10.);
#866=VECTOR('',#2853,10.);
#867=VECTOR('',#2856,10.);
#868=VECTOR('',#2859,10.);
#869=VECTOR('',#2860,10.);
#870=VECTOR('',#2863,10.);
#871=VECTOR('',#2864,10.);
#872=VECTOR('',#2867,10.);
#873=VECTOR('',#2868,10.);
#874=VECTOR('',#2871,10.);
#875=VECTOR('',#2872,10.);
#876=VECTOR('',#2875,10.);
#877=VECTOR('',#2876,10.);
#878=VECTOR('',#2877,10.);
#879=VECTOR('',#2880,10.);
#880=VECTOR('',#2881,10.);
#881=VECTOR('',#2882,10.);
#882=VECTOR('',#2883,10.);
#883=VECTOR('',#2886,10.);
#884=VECTOR('',#2887,10.);
#885=VECTOR('',#2890,10.);
#886=VECTOR('',#2893,10.);
#887=VECTOR('',#2896,10.);
#888=VECTOR('',#2897,10.);
#889=VECTOR('',#2900,10.);
#890=VECTOR('',#2901,10.);
#891=VERTEX_POINT('',#2908);
#892=VERTEX_POINT('',#2909);
#893=VERTEX_POINT('',#2911);
#894=VERTEX_POINT('',#2913);
#895=VERTEX_POINT('',#2916);
#896=VERTEX_POINT('',#2919);
#897=VERTEX_POINT('',#2922);
#898=VERTEX_POINT('',#2958);
#899=VERTEX_POINT('',#2962);
#900=VERTEX_POINT('',#2963);
#901=VERTEX_POINT('',#2965);
#902=VERTEX_POINT('',#2967);
#903=VERTEX_POINT('',#2971);
#904=VERTEX_POINT('',#2973);
#905=VERTEX_POINT('',#2977);
#906=VERTEX_POINT('',#2979);
#907=VERTEX_POINT('',#2983);
#908=VERTEX_POINT('',#2985);
#909=VERTEX_POINT('',#2989);
#910=VERTEX_POINT('',#2993);
#911=VERTEX_POINT('',#2997);
#912=VERTEX_POINT('',#2998);
#913=VERTEX_POINT('',#3000);
#914=VERTEX_POINT('',#3002);
#915=VERTEX_POINT('',#3007);
#916=VERTEX_POINT('',#3010);
#917=VERTEX_POINT('',#3013);
#918=VERTEX_POINT('',#3021);
#919=VERTEX_POINT('',#3031);
#920=VERTEX_POINT('',#3032);
#921=VERTEX_POINT('',#3034);
#922=VERTEX_POINT('',#3036);
#923=VERTEX_POINT('',#3040);
#924=VERTEX_POINT('',#3042);
#925=VERTEX_POINT('',#3046);
#926=VERTEX_POINT('',#3048);
#927=VERTEX_POINT('',#3052);
#928=VERTEX_POINT('',#3054);
#929=VERTEX_POINT('',#3061);
#930=VERTEX_POINT('',#3062);
#931=VERTEX_POINT('',#3064);
#932=VERTEX_POINT('',#3066);
#933=VERTEX_POINT('',#3070);
#934=VERTEX_POINT('',#3072);
#935=VERTEX_POINT('',#3076);
#936=VERTEX_POINT('',#3078);
#937=VERTEX_POINT('',#3085);
#938=VERTEX_POINT('',#3086);
#939=VERTEX_POINT('',#3088);
#940=VERTEX_POINT('',#3090);
#941=VERTEX_POINT('',#3094);
#942=VERTEX_POINT('',#3096);
#943=VERTEX_POINT('',#3100);
#944=VERTEX_POINT('',#3102);
#945=VERTEX_POINT('',#3109);
#946=VERTEX_POINT('',#3110);
#947=VERTEX_POINT('',#3112);
#948=VERTEX_POINT('',#3114);
#949=VERTEX_POINT('',#3118);
#950=VERTEX_POINT('',#3120);
#951=VERTEX_POINT('',#3124);
#952=VERTEX_POINT('',#3126);
#953=VERTEX_POINT('',#3130);
#954=VERTEX_POINT('',#3132);
#955=VERTEX_POINT('',#3136);
#956=VERTEX_POINT('',#3138);
#957=VERTEX_POINT('',#3142);
#958=VERTEX_POINT('',#3144);
#959=VERTEX_POINT('',#3148);
#960=VERTEX_POINT('',#3150);
#961=VERTEX_POINT('',#3154);
#962=VERTEX_POINT('',#3156);
#963=VERTEX_POINT('',#3160);
#964=VERTEX_POINT('',#3162);
#965=VERTEX_POINT('',#3171);
#966=VERTEX_POINT('',#3173);
#967=VERTEX_POINT('',#3176);
#968=VERTEX_POINT('',#3212);
#969=VERTEX_POINT('',#3214);
#970=VERTEX_POINT('',#3217);
#971=VERTEX_POINT('',#3218);
#972=VERTEX_POINT('',#3256);
#973=VERTEX_POINT('',#3257);
#974=VERTEX_POINT('',#3259);
#975=VERTEX_POINT('',#3261);
#976=VERTEX_POINT('',#3265);
#977=VERTEX_POINT('',#3267);
#978=VERTEX_POINT('',#3271);
#979=VERTEX_POINT('',#3273);
#980=VERTEX_POINT('',#3277);
#981=VERTEX_POINT('',#3279);
#982=VERTEX_POINT('',#3283);
#983=VERTEX_POINT('',#3285);
#984=VERTEX_POINT('',#3292);
#985=VERTEX_POINT('',#3295);
#986=VERTEX_POINT('',#3296);
#987=VERTEX_POINT('',#3298);
#988=VERTEX_POINT('',#3300);
#989=VERTEX_POINT('',#3304);
#990=VERTEX_POINT('',#3305);
#991=VERTEX_POINT('',#3307);
#992=VERTEX_POINT('',#3309);
#993=VERTEX_POINT('',#3313);
#994=VERTEX_POINT('',#3315);
#995=VERTEX_POINT('',#3319);
#996=VERTEX_POINT('',#3321);
#997=VERTEX_POINT('',#3325);
#998=VERTEX_POINT('',#3327);
#999=VERTEX_POINT('',#3331);
#1000=VERTEX_POINT('',#3333);
#1001=VERTEX_POINT('',#3340);
#1002=VERTEX_POINT('',#3343);
#1003=VERTEX_POINT('',#3344);
#1004=VERTEX_POINT('',#3346);
#1005=VERTEX_POINT('',#3348);
#1006=VERTEX_POINT('',#3354);
#1007=VERTEX_POINT('',#3355);
#1008=VERTEX_POINT('',#3357);
#1009=VERTEX_POINT('',#3359);
#1010=VERTEX_POINT('',#3363);
#1011=VERTEX_POINT('',#3367);
#1012=VERTEX_POINT('',#3368);
#1013=VERTEX_POINT('',#3370);
#1014=VERTEX_POINT('',#3372);
#1015=VERTEX_POINT('',#3376);
#1016=VERTEX_POINT('',#3378);
#1017=VERTEX_POINT('',#3380);
#1018=VERTEX_POINT('',#3384);
#1019=VERTEX_POINT('',#3392);
#1020=VERTEX_POINT('',#3394);
#1021=VERTEX_POINT('',#3398);
#1022=VERTEX_POINT('',#3399);
#1023=VERTEX_POINT('',#3401);
#1024=VERTEX_POINT('',#3403);
#1025=VERTEX_POINT('',#3407);
#1026=VERTEX_POINT('',#3409);
#1027=VERTEX_POINT('',#3411);
#1028=VERTEX_POINT('',#3415);
#1029=VERTEX_POINT('',#3419);
#1030=VERTEX_POINT('',#3421);
#1031=VERTEX_POINT('',#3425);
#1032=VERTEX_POINT('',#3426);
#1033=VERTEX_POINT('',#3428);
#1034=VERTEX_POINT('',#3430);
#1035=VERTEX_POINT('',#3434);
#1036=VERTEX_POINT('',#3460);
#1037=VERTEX_POINT('',#3462);
#1038=VERTEX_POINT('',#3464);
#1039=VERTEX_POINT('',#3483);
#1040=VERTEX_POINT('',#3486);
#1041=VERTEX_POINT('',#3508);
#1042=VERTEX_POINT('',#3509);
#1043=VERTEX_POINT('',#3511);
#1044=VERTEX_POINT('',#3513);
#1045=VERTEX_POINT('',#3517);
#1046=VERTEX_POINT('',#3519);
#1047=VERTEX_POINT('',#3523);
#1048=VERTEX_POINT('',#3525);
#1049=VERTEX_POINT('',#3529);
#1050=VERTEX_POINT('',#3531);
#1051=VERTEX_POINT('',#3535);
#1052=VERTEX_POINT('',#3537);
#1053=VERTEX_POINT('',#3544);
#1054=VERTEX_POINT('',#3547);
#1055=VERTEX_POINT('',#3548);
#1056=VERTEX_POINT('',#3550);
#1057=VERTEX_POINT('',#3552);
#1058=VERTEX_POINT('',#3556);
#1059=VERTEX_POINT('',#3557);
#1060=VERTEX_POINT('',#3559);
#1061=VERTEX_POINT('',#3561);
#1062=VERTEX_POINT('',#3565);
#1063=VERTEX_POINT('',#3567);
#1064=VERTEX_POINT('',#3569);
#1065=VERTEX_POINT('',#3571);
#1066=VERTEX_POINT('',#3573);
#1067=VERTEX_POINT('',#3579);
#1068=VERTEX_POINT('',#3580);
#1069=VERTEX_POINT('',#3582);
#1070=VERTEX_POINT('',#3584);
#1071=VERTEX_POINT('',#3586);
#1072=VERTEX_POINT('',#3589);
#1073=VERTEX_POINT('',#3591);
#1074=VERTEX_POINT('',#3593);
#1075=VERTEX_POINT('',#3597);
#1076=VERTEX_POINT('',#3599);
#1077=VERTEX_POINT('',#3603);
#1078=VERTEX_POINT('',#3605);
#1079=VERTEX_POINT('',#3611);
#1080=VERTEX_POINT('',#3615);
#1081=VERTEX_POINT('',#3619);
#1082=VERTEX_POINT('',#3623);
#1083=VERTEX_POINT('',#3627);
#1084=VERTEX_POINT('',#3629);
#1085=VERTEX_POINT('',#3633);
#1086=VERTEX_POINT('',#3634);
#1087=VERTEX_POINT('',#3636);
#1088=VERTEX_POINT('',#3638);
#1089=EDGE_CURVE('',#891,#892,#341,.T.);
#1090=EDGE_CURVE('',#892,#893,#342,.T.);
#1091=EDGE_CURVE('',#893,#894,#343,.T.);
#1092=EDGE_CURVE('',#894,#891,#344,.T.);
#1093=EDGE_CURVE('',#895,#895,#71,.T.);
#1094=EDGE_CURVE('',#896,#896,#72,.T.);
#1095=EDGE_CURVE('',#896,#895,#345,.T.);
#1096=EDGE_CURVE('',#897,#897,#25,.T.);
#1097=EDGE_CURVE('',#898,#898,#73,.T.);
#1098=EDGE_CURVE('',#898,#897,#346,.T.);
#1099=EDGE_CURVE('',#899,#900,#347,.T.);
#1100=EDGE_CURVE('',#900,#901,#21,.T.);
#1101=EDGE_CURVE('',#901,#902,#348,.T.);
#1102=EDGE_CURVE('',#902,#899,#22,.T.);
#1103=EDGE_CURVE('',#903,#899,#349,.T.);
#1104=EDGE_CURVE('',#902,#904,#350,.T.);
#1105=EDGE_CURVE('',#904,#903,#23,.T.);
#1106=EDGE_CURVE('',#904,#905,#351,.T.);
#1107=EDGE_CURVE('',#905,#906,#24,.T.);
#1108=EDGE_CURVE('',#906,#903,#352,.T.);
#1109=EDGE_CURVE('',#907,#899,#353,.T.);
#1110=EDGE_CURVE('',#908,#907,#354,.T.);
#1111=EDGE_CURVE('',#908,#900,#355,.T.);
#1112=EDGE_CURVE('',#903,#909,#356,.T.);
#1113=EDGE_CURVE('',#907,#909,#357,.T.);
#1114=EDGE_CURVE('',#906,#910,#358,.T.);
#1115=EDGE_CURVE('',#909,#910,#359,.T.);
#1116=EDGE_CURVE('',#911,#912,#360,.T.);
#1117=EDGE_CURVE('',#912,#913,#361,.T.);
#1118=EDGE_CURVE('',#913,#914,#362,.T.);
#1119=EDGE_CURVE('',#914,#911,#363,.T.);
#1120=EDGE_CURVE('',#910,#908,#364,.T.);
#1121=EDGE_CURVE('',#915,#915,#74,.T.);
#1122=EDGE_CURVE('',#916,#905,#365,.T.);
#1123=EDGE_CURVE('',#912,#916,#366,.T.);
#1124=EDGE_CURVE('',#911,#917,#367,.T.);
#1125=EDGE_CURVE('',#901,#917,#368,.T.);
#1126=EDGE_CURVE('',#916,#917,#369,.T.);
#1127=EDGE_CURVE('',#917,#892,#370,.T.);
#1128=EDGE_CURVE('',#916,#891,#371,.T.);
#1129=EDGE_CURVE('',#918,#918,#75,.T.);
#1130=EDGE_CURVE('',#918,#915,#372,.T.);
#1131=EDGE_CURVE('',#913,#894,#373,.T.);
#1132=EDGE_CURVE('',#914,#893,#374,.T.);
#1133=EDGE_CURVE('',#919,#920,#375,.T.);
#1134=EDGE_CURVE('',#920,#921,#376,.T.);
#1135=EDGE_CURVE('',#922,#921,#377,.T.);
#1136=EDGE_CURVE('',#919,#922,#378,.T.);
#1137=EDGE_CURVE('',#923,#919,#379,.T.);
#1138=EDGE_CURVE('',#924,#922,#380,.T.);
#1139=EDGE_CURVE('',#923,#924,#381,.T.);
#1140=EDGE_CURVE('',#925,#923,#382,.T.);
#1141=EDGE_CURVE('',#926,#924,#383,.T.);
#1142=EDGE_CURVE('',#925,#926,#384,.T.);
#1143=EDGE_CURVE('',#927,#925,#385,.T.);
#1144=EDGE_CURVE('',#928,#926,#386,.T.);
#1145=EDGE_CURVE('',#927,#928,#387,.T.);
#1146=EDGE_CURVE('',#920,#927,#388,.T.);
#1147=EDGE_CURVE('',#921,#928,#389,.T.);
#1148=EDGE_CURVE('',#929,#930,#390,.T.);
#1149=EDGE_CURVE('',#930,#931,#391,.T.);
#1150=EDGE_CURVE('',#932,#931,#392,.T.);
#1151=EDGE_CURVE('',#929,#932,#393,.T.);
#1152=EDGE_CURVE('',#933,#929,#394,.T.);
#1153=EDGE_CURVE('',#934,#932,#395,.T.);
#1154=EDGE_CURVE('',#933,#934,#396,.T.);
#1155=EDGE_CURVE('',#935,#933,#397,.T.);
#1156=EDGE_CURVE('',#936,#934,#398,.T.);
#1157=EDGE_CURVE('',#935,#936,#399,.T.);
#1158=EDGE_CURVE('',#930,#935,#400,.T.);
#1159=EDGE_CURVE('',#931,#936,#401,.T.);
#1160=EDGE_CURVE('',#937,#938,#402,.T.);
#1161=EDGE_CURVE('',#938,#939,#403,.T.);
#1162=EDGE_CURVE('',#940,#939,#404,.T.);
#1163=EDGE_CURVE('',#937,#940,#405,.T.);
#1164=EDGE_CURVE('',#941,#937,#406,.T.);
#1165=EDGE_CURVE('',#942,#940,#407,.T.);
#1166=EDGE_CURVE('',#941,#942,#408,.T.);
#1167=EDGE_CURVE('',#943,#941,#409,.T.);
#1168=EDGE_CURVE('',#944,#942,#410,.T.);
#1169=EDGE_CURVE('',#943,#944,#411,.T.);
#1170=EDGE_CURVE('',#938,#943,#412,.T.);
#1171=EDGE_CURVE('',#939,#944,#413,.T.);
#1172=EDGE_CURVE('',#945,#946,#414,.T.);
#1173=EDGE_CURVE('',#945,#947,#415,.T.);
#1174=EDGE_CURVE('',#948,#947,#416,.T.);
#1175=EDGE_CURVE('',#946,#948,#417,.T.);
#1176=EDGE_CURVE('',#946,#949,#418,.T.);
#1177=EDGE_CURVE('',#950,#948,#419,.T.);
#1178=EDGE_CURVE('',#949,#950,#420,.T.);
#1179=EDGE_CURVE('',#949,#951,#421,.T.);
#1180=EDGE_CURVE('',#952,#950,#422,.T.);
#1181=EDGE_CURVE('',#951,#952,#423,.T.);
#1182=EDGE_CURVE('',#951,#953,#424,.T.);
#1183=EDGE_CURVE('',#954,#952,#425,.T.);
#1184=EDGE_CURVE('',#953,#954,#426,.T.);
#1185=EDGE_CURVE('',#953,#955,#427,.T.);
#1186=EDGE_CURVE('',#956,#954,#428,.T.);
#1187=EDGE_CURVE('',#955,#956,#429,.T.);
#1188=EDGE_CURVE('',#957,#955,#430,.T.);
#1189=EDGE_CURVE('',#958,#956,#431,.T.);
#1190=EDGE_CURVE('',#957,#958,#432,.T.);
#1191=EDGE_CURVE('',#959,#957,#433,.T.);
#1192=EDGE_CURVE('',#960,#958,#434,.T.);
#1193=EDGE_CURVE('',#959,#960,#435,.T.);
#1194=EDGE_CURVE('',#961,#959,#436,.T.);
#1195=EDGE_CURVE('',#962,#960,#437,.T.);
#1196=EDGE_CURVE('',#961,#962,#438,.T.);
#1197=EDGE_CURVE('',#963,#961,#439,.T.);
#1198=EDGE_CURVE('',#964,#962,#440,.T.);
#1199=EDGE_CURVE('',#963,#964,#441,.T.);
#1200=EDGE_CURVE('',#963,#945,#442,.T.);
#1201=EDGE_CURVE('',#947,#964,#443,.T.);
#1202=EDGE_CURVE('',#965,#965,#76,.T.);
#1203=EDGE_CURVE('',#965,#966,#444,.T.);
#1204=EDGE_CURVE('',#966,#966,#77,.T.);
#1205=EDGE_CURVE('',#967,#967,#26,.T.);
#1206=EDGE_CURVE('',#968,#968,#78,.T.);
#1207=EDGE_CURVE('',#968,#969,#445,.T.);
#1208=EDGE_CURVE('',#969,#969,#79,.T.);
#1209=EDGE_CURVE('',#970,#971,#27,.T.);
#1210=EDGE_CURVE('',#971,#970,#28,.T.);
#1211=EDGE_CURVE('',#972,#973,#446,.T.);
#1212=EDGE_CURVE('',#972,#974,#447,.T.);
#1213=EDGE_CURVE('',#974,#975,#448,.T.);
#1214=EDGE_CURVE('',#973,#975,#449,.T.);
#1215=EDGE_CURVE('',#976,#972,#450,.T.);
#1216=EDGE_CURVE('',#976,#977,#451,.T.);
#1217=EDGE_CURVE('',#977,#974,#452,.T.);
#1218=EDGE_CURVE('',#978,#976,#453,.T.);
#1219=EDGE_CURVE('',#978,#979,#454,.T.);
#1220=EDGE_CURVE('',#979,#977,#455,.T.);
#1221=EDGE_CURVE('',#980,#978,#456,.T.);
#1222=EDGE_CURVE('',#980,#981,#457,.T.);
#1223=EDGE_CURVE('',#981,#979,#458,.T.);
#1224=EDGE_CURVE('',#982,#980,#459,.T.);
#1225=EDGE_CURVE('',#982,#983,#460,.T.);
#1226=EDGE_CURVE('',#983,#981,#461,.T.);
#1227=EDGE_CURVE('',#973,#982,#462,.T.);
#1228=EDGE_CURVE('',#975,#983,#463,.T.);
#1229=EDGE_CURVE('',#984,#984,#80,.T.);
#1230=EDGE_CURVE('',#985,#986,#464,.T.);
#1231=EDGE_CURVE('',#986,#987,#465,.T.);
#1232=EDGE_CURVE('',#987,#988,#466,.T.);
#1233=EDGE_CURVE('',#988,#985,#467,.T.);
#1234=EDGE_CURVE('',#989,#990,#468,.T.);
#1235=EDGE_CURVE('',#989,#991,#469,.T.);
#1236=EDGE_CURVE('',#991,#992,#470,.T.);
#1237=EDGE_CURVE('',#990,#992,#471,.T.);
#1238=EDGE_CURVE('',#993,#989,#472,.T.);
#1239=EDGE_CURVE('',#993,#994,#473,.T.);
#1240=EDGE_CURVE('',#994,#991,#474,.T.);
#1241=EDGE_CURVE('',#995,#993,#475,.T.);
#1242=EDGE_CURVE('',#995,#996,#476,.T.);
#1243=EDGE_CURVE('',#996,#994,#477,.T.);
#1244=EDGE_CURVE('',#997,#995,#478,.T.);
#1245=EDGE_CURVE('',#997,#998,#479,.T.);
#1246=EDGE_CURVE('',#998,#996,#480,.T.);
#1247=EDGE_CURVE('',#999,#997,#481,.T.);
#1248=EDGE_CURVE('',#999,#1000,#482,.T.);
#1249=EDGE_CURVE('',#1000,#998,#483,.T.);
#1250=EDGE_CURVE('',#990,#999,#484,.T.);
#1251=EDGE_CURVE('',#992,#1000,#485,.T.);
#1252=EDGE_CURVE('',#1001,#1001,#81,.T.);
#1253=EDGE_CURVE('',#1002,#1003,#486,.T.);
#1254=EDGE_CURVE('',#1003,#1004,#487,.T.);
#1255=EDGE_CURVE('',#1004,#1005,#488,.T.);
#1256=EDGE_CURVE('',#1005,#1002,#489,.T.);
#1257=EDGE_CURVE('',#984,#967,#490,.T.);
#1258=EDGE_CURVE('',#1006,#1007,#491,.T.);
#1259=EDGE_CURVE('',#1008,#1007,#492,.T.);
#1260=EDGE_CURVE('',#1009,#1008,#493,.T.);
#1261=EDGE_CURVE('',#1006,#1009,#494,.T.);
#1262=EDGE_CURVE('',#1010,#1008,#495,.T.);
#1263=EDGE_CURVE('',#1009,#1010,#496,.T.);
#1264=EDGE_CURVE('',#1011,#1012,#497,.T.);
#1265=EDGE_CURVE('',#1013,#1011,#498,.T.);
#1266=EDGE_CURVE('',#1013,#1014,#499,.T.);
#1267=EDGE_CURVE('',#1012,#1014,#500,.T.);
#1268=EDGE_CURVE('',#1013,#1015,#501,.T.);
#1269=EDGE_CURVE('',#1016,#1011,#502,.T.);
#1270=EDGE_CURVE('',#1017,#1016,#503,.T.);
#1271=EDGE_CURVE('',#1015,#1017,#504,.T.);
#1272=EDGE_CURVE('',#1017,#1018,#505,.T.);
#1273=EDGE_CURVE('',#1018,#1016,#506,.T.);
#1274=EDGE_CURVE('',#1007,#987,#507,.T.);
#1275=EDGE_CURVE('',#986,#1015,#508,.T.);
#1276=EDGE_CURVE('',#1018,#1010,#509,.T.);
#1277=EDGE_CURVE('',#1014,#1019,#510,.T.);
#1278=EDGE_CURVE('',#1019,#1020,#511,.T.);
#1279=EDGE_CURVE('',#1020,#1012,#512,.T.);
#1280=EDGE_CURVE('',#1021,#1022,#513,.T.);
#1281=EDGE_CURVE('',#1023,#1021,#514,.T.);
#1282=EDGE_CURVE('',#1024,#1023,#515,.T.);
#1283=EDGE_CURVE('',#1024,#1022,#516,.T.);
#1284=EDGE_CURVE('',#1024,#1025,#517,.T.);
#1285=EDGE_CURVE('',#1026,#1025,#518,.T.);
#1286=EDGE_CURVE('',#1027,#1026,#519,.T.);
#1287=EDGE_CURVE('',#1027,#1022,#520,.T.);
#1288=EDGE_CURVE('',#1028,#1026,#521,.T.);
#1289=EDGE_CURVE('',#1027,#1028,#522,.T.);
#1290=EDGE_CURVE('',#1021,#1029,#523,.T.);
#1291=EDGE_CURVE('',#1029,#1030,#524,.T.);
#1292=EDGE_CURVE('',#1030,#1023,#525,.T.);
#1293=EDGE_CURVE('',#1031,#1032,#526,.T.);
#1294=EDGE_CURVE('',#1031,#1033,#527,.T.);
#1295=EDGE_CURVE('',#1034,#1033,#528,.T.);
#1296=EDGE_CURVE('',#1032,#1034,#529,.T.);
#1297=EDGE_CURVE('',#1034,#1035,#530,.T.);
#1298=EDGE_CURVE('',#1035,#1033,#531,.T.);
#1299=EDGE_CURVE('',#1001,#971,#532,.T.);
#1300=EDGE_CURVE('',#1031,#1003,#533,.T.);
#1301=EDGE_CURVE('',#1022,#1002,#534,.T.);
#1302=EDGE_CURVE('',#1033,#1027,#535,.T.);
#1303=EDGE_CURVE('',#1035,#1028,#536,.T.);
#1304=EDGE_CURVE('',#1009,#1016,#537,.T.);
#1305=EDGE_CURVE('',#1004,#1006,#538,.T.);
#1306=EDGE_CURVE('',#1011,#1005,#539,.T.);
#1307=EDGE_CURVE('',#1029,#1020,#540,.T.);
#1308=EDGE_CURVE('',#1025,#985,#541,.T.);
#1309=EDGE_CURVE('',#1032,#988,#542,.T.);
#1310=EDGE_CURVE('',#1019,#1030,#543,.T.);
#1311=EDGE_CURVE('',#1036,#1036,#82,.T.);
#1312=EDGE_CURVE('',#1036,#1037,#544,.T.);
#1313=EDGE_CURVE('',#1038,#1037,#29,.T.);
#1314=EDGE_CURVE('',#1038,#1039,#545,.T.);
#1315=EDGE_CURVE('',#1039,#1039,#83,.T.);
#1316=EDGE_CURVE('',#1040,#1038,#30,.T.);
#1317=EDGE_CURVE('',#1037,#1040,#31,.T.);
#1318=EDGE_CURVE('',#1041,#1042,#546,.T.);
#1319=EDGE_CURVE('',#1041,#1043,#547,.T.);
#1320=EDGE_CURVE('',#1043,#1044,#548,.T.);
#1321=EDGE_CURVE('',#1042,#1044,#549,.T.);
#1322=EDGE_CURVE('',#1045,#1041,#550,.T.);
#1323=EDGE_CURVE('',#1045,#1046,#551,.T.);
#1324=EDGE_CURVE('',#1046,#1043,#552,.T.);
#1325=EDGE_CURVE('',#1047,#1045,#553,.T.);
#1326=EDGE_CURVE('',#1047,#1048,#554,.T.);
#1327=EDGE_CURVE('',#1048,#1046,#555,.T.);
#1328=EDGE_CURVE('',#1049,#1047,#556,.T.);
#1329=EDGE_CURVE('',#1049,#1050,#557,.T.);
#1330=EDGE_CURVE('',#1050,#1048,#558,.T.);
#1331=EDGE_CURVE('',#1051,#1049,#559,.T.);
#1332=EDGE_CURVE('',#1051,#1052,#560,.T.);
#1333=EDGE_CURVE('',#1052,#1050,#561,.T.);
#1334=EDGE_CURVE('',#1042,#1051,#562,.T.);
#1335=EDGE_CURVE('',#1044,#1052,#563,.T.);
#1336=EDGE_CURVE('',#1053,#1053,#84,.T.);
#1337=EDGE_CURVE('',#1054,#1055,#564,.T.);
#1338=EDGE_CURVE('',#1055,#1056,#565,.T.);
#1339=EDGE_CURVE('',#1056,#1057,#566,.T.);
#1340=EDGE_CURVE('',#1057,#1054,#567,.T.);
#1341=EDGE_CURVE('',#1058,#1059,#568,.T.);
#1342=EDGE_CURVE('',#1060,#1059,#569,.T.);
#1343=EDGE_CURVE('',#1061,#1060,#570,.T.);
#1344=EDGE_CURVE('',#1058,#1061,#571,.T.);
#1345=EDGE_CURVE('',#1059,#1062,#572,.T.);
#1346=EDGE_CURVE('',#1062,#1063,#573,.T.);
#1347=EDGE_CURVE('',#1064,#1063,#574,.T.);
#1348=EDGE_CURVE('',#1064,#1065,#575,.T.);
#1349=EDGE_CURVE('',#1066,#1065,#576,.T.);
#1350=EDGE_CURVE('',#1059,#1066,#577,.T.);
#1351=EDGE_CURVE('',#1053,#1040,#578,.T.);
#1352=EDGE_CURVE('',#1067,#1068,#85,.T.);
#1353=EDGE_CURVE('',#1068,#1069,#579,.T.);
#1354=EDGE_CURVE('',#1069,#1070,#580,.T.);
#1355=EDGE_CURVE('',#1070,#1071,#581,.T.);
#1356=EDGE_CURVE('',#1071,#1058,#582,.T.);
#1357=EDGE_CURVE('',#1061,#1072,#583,.T.);
#1358=EDGE_CURVE('',#1072,#1073,#584,.T.);
#1359=EDGE_CURVE('',#1073,#1074,#585,.T.);
#1360=EDGE_CURVE('',#1074,#1067,#586,.T.);
#1361=EDGE_CURVE('',#1075,#1067,#587,.T.);
#1362=EDGE_CURVE('',#1076,#1075,#86,.T.);
#1363=EDGE_CURVE('',#1068,#1076,#588,.T.);
#1364=EDGE_CURVE('',#1069,#1077,#589,.T.);
#1365=EDGE_CURVE('',#1078,#1077,#590,.T.);
#1366=EDGE_CURVE('',#1070,#1078,#591,.T.);
#1367=EDGE_CURVE('',#1077,#1076,#592,.T.);
#1368=EDGE_CURVE('',#1079,#1074,#593,.T.);
#1369=EDGE_CURVE('',#1075,#1079,#594,.T.);
#1370=EDGE_CURVE('',#1079,#1080,#595,.T.);
#1371=EDGE_CURVE('',#1080,#1073,#596,.T.);
#1372=EDGE_CURVE('',#1072,#1081,#597,.T.);
#1373=EDGE_CURVE('',#1081,#1080,#598,.T.);
#1374=EDGE_CURVE('',#1078,#1082,#599,.T.);
#1375=EDGE_CURVE('',#1082,#1071,#600,.T.);
#1376=EDGE_CURVE('',#1083,#1081,#601,.T.);
#1377=EDGE_CURVE('',#1083,#1084,#602,.T.);
#1378=EDGE_CURVE('',#1082,#1084,#603,.T.);
#1379=EDGE_CURVE('',#1085,#1086,#604,.T.);
#1380=EDGE_CURVE('',#1087,#1085,#605,.T.);
#1381=EDGE_CURVE('',#1087,#1088,#606,.T.);
#1382=EDGE_CURVE('',#1086,#1088,#607,.T.);
#1383=EDGE_CURVE('',#1088,#1083,#608,.T.);
#1384=EDGE_CURVE('',#1084,#1087,#609,.T.);
#1385=EDGE_CURVE('',#1085,#1062,#610,.T.);
#1386=EDGE_CURVE('',#1086,#1063,#611,.T.);
#1387=EDGE_CURVE('',#1055,#1064,#612,.T.);
#1388=EDGE_CURVE('',#1065,#1054,#613,.T.);
#1389=EDGE_CURVE('',#1060,#1056,#614,.T.);
#1390=EDGE_CURVE('',#1066,#1057,#615,.T.);
#1391=ORIENTED_EDGE('',*,*,#1089,.T.);
#1392=ORIENTED_EDGE('',*,*,#1090,.T.);
#1393=ORIENTED_EDGE('',*,*,#1091,.T.);
#1394=ORIENTED_EDGE('',*,*,#1092,.T.);
#1395=ORIENTED_EDGE('',*,*,#1093,.T.);
#1396=ORIENTED_EDGE('',*,*,#1094,.F.);
#1397=ORIENTED_EDGE('',*,*,#1095,.T.);
#1398=ORIENTED_EDGE('',*,*,#1093,.F.);
#1399=ORIENTED_EDGE('',*,*,#1095,.F.);
#1400=ORIENTED_EDGE('',*,*,#1096,.F.);
#1401=ORIENTED_EDGE('',*,*,#1097,.F.);
#1402=ORIENTED_EDGE('',*,*,#1098,.T.);
#1403=ORIENTED_EDGE('',*,*,#1096,.T.);
#1404=ORIENTED_EDGE('',*,*,#1098,.F.);
#1405=ORIENTED_EDGE('',*,*,#1099,.T.);
#1406=ORIENTED_EDGE('',*,*,#1100,.T.);
#1407=ORIENTED_EDGE('',*,*,#1101,.T.);
#1408=ORIENTED_EDGE('',*,*,#1102,.T.);
#1409=ORIENTED_EDGE('',*,*,#1103,.T.);
#1410=ORIENTED_EDGE('',*,*,#1102,.F.);
#1411=ORIENTED_EDGE('',*,*,#1104,.T.);
#1412=ORIENTED_EDGE('',*,*,#1105,.T.);
#1413=ORIENTED_EDGE('',*,*,#1106,.T.);
#1414=ORIENTED_EDGE('',*,*,#1107,.T.);
#1415=ORIENTED_EDGE('',*,*,#1108,.T.);
#1416=ORIENTED_EDGE('',*,*,#1105,.F.);
#1417=ORIENTED_EDGE('',*,*,#1099,.F.);
#1418=ORIENTED_EDGE('',*,*,#1109,.F.);
#1419=ORIENTED_EDGE('',*,*,#1110,.F.);
#1420=ORIENTED_EDGE('',*,*,#1111,.T.);
#1421=ORIENTED_EDGE('',*,*,#1103,.F.);
#1422=ORIENTED_EDGE('',*,*,#1112,.T.);
#1423=ORIENTED_EDGE('',*,*,#1113,.F.);
#1424=ORIENTED_EDGE('',*,*,#1109,.T.);
#1425=ORIENTED_EDGE('',*,*,#1108,.F.);
#1426=ORIENTED_EDGE('',*,*,#1114,.T.);
#1427=ORIENTED_EDGE('',*,*,#1115,.F.);
#1428=ORIENTED_EDGE('',*,*,#1112,.F.);
#1429=ORIENTED_EDGE('',*,*,#1116,.T.);
#1430=ORIENTED_EDGE('',*,*,#1117,.T.);
#1431=ORIENTED_EDGE('',*,*,#1118,.T.);
#1432=ORIENTED_EDGE('',*,*,#1119,.T.);
#1433=ORIENTED_EDGE('',*,*,#1094,.T.);
#1434=ORIENTED_EDGE('',*,*,#1113,.T.);
#1435=ORIENTED_EDGE('',*,*,#1115,.T.);
#1436=ORIENTED_EDGE('',*,*,#1120,.T.);
#1437=ORIENTED_EDGE('',*,*,#1110,.T.);
#1438=ORIENTED_EDGE('',*,*,#1121,.T.);
#1439=ORIENTED_EDGE('',*,*,#1100,.F.);
#1440=ORIENTED_EDGE('',*,*,#1111,.F.);
#1441=ORIENTED_EDGE('',*,*,#1120,.F.);
#1442=ORIENTED_EDGE('',*,*,#1114,.F.);
#1443=ORIENTED_EDGE('',*,*,#1107,.F.);
#1444=ORIENTED_EDGE('',*,*,#1122,.F.);
#1445=ORIENTED_EDGE('',*,*,#1123,.F.);
#1446=ORIENTED_EDGE('',*,*,#1116,.F.);
#1447=ORIENTED_EDGE('',*,*,#1124,.T.);
#1448=ORIENTED_EDGE('',*,*,#1125,.F.);
#1449=ORIENTED_EDGE('',*,*,#1126,.T.);
#1450=ORIENTED_EDGE('',*,*,#1127,.T.);
#1451=ORIENTED_EDGE('',*,*,#1089,.F.);
#1452=ORIENTED_EDGE('',*,*,#1128,.F.);
#1453=ORIENTED_EDGE('',*,*,#1097,.T.);
#1454=ORIENTED_EDGE('',*,*,#1129,.F.);
#1455=ORIENTED_EDGE('',*,*,#1130,.T.);
#1456=ORIENTED_EDGE('',*,*,#1121,.F.);
#1457=ORIENTED_EDGE('',*,*,#1130,.F.);
#1458=ORIENTED_EDGE('',*,*,#1101,.F.);
#1459=ORIENTED_EDGE('',*,*,#1125,.T.);
#1460=ORIENTED_EDGE('',*,*,#1126,.F.);
#1461=ORIENTED_EDGE('',*,*,#1122,.T.);
#1462=ORIENTED_EDGE('',*,*,#1106,.F.);
#1463=ORIENTED_EDGE('',*,*,#1104,.F.);
#1464=ORIENTED_EDGE('',*,*,#1129,.T.);
#1465=ORIENTED_EDGE('',*,*,#1117,.F.);
#1466=ORIENTED_EDGE('',*,*,#1123,.T.);
#1467=ORIENTED_EDGE('',*,*,#1128,.T.);
#1468=ORIENTED_EDGE('',*,*,#1092,.F.);
#1469=ORIENTED_EDGE('',*,*,#1131,.F.);
#1470=ORIENTED_EDGE('',*,*,#1118,.F.);
#1471=ORIENTED_EDGE('',*,*,#1131,.T.);
#1472=ORIENTED_EDGE('',*,*,#1091,.F.);
#1473=ORIENTED_EDGE('',*,*,#1132,.F.);
#1474=ORIENTED_EDGE('',*,*,#1119,.F.);
#1475=ORIENTED_EDGE('',*,*,#1132,.T.);
#1476=ORIENTED_EDGE('',*,*,#1090,.F.);
#1477=ORIENTED_EDGE('',*,*,#1127,.F.);
#1478=ORIENTED_EDGE('',*,*,#1124,.F.);
#1479=ORIENTED_EDGE('',*,*,#1133,.T.);
#1480=ORIENTED_EDGE('',*,*,#1134,.T.);
#1481=ORIENTED_EDGE('',*,*,#1135,.F.);
#1482=ORIENTED_EDGE('',*,*,#1136,.F.);
#1483=ORIENTED_EDGE('',*,*,#1137,.T.);
#1484=ORIENTED_EDGE('',*,*,#1136,.T.);
#1485=ORIENTED_EDGE('',*,*,#1138,.F.);
#1486=ORIENTED_EDGE('',*,*,#1139,.F.);
#1487=ORIENTED_EDGE('',*,*,#1140,.T.);
#1488=ORIENTED_EDGE('',*,*,#1139,.T.);
#1489=ORIENTED_EDGE('',*,*,#1141,.F.);
#1490=ORIENTED_EDGE('',*,*,#1142,.F.);
#1491=ORIENTED_EDGE('',*,*,#1143,.T.);
#1492=ORIENTED_EDGE('',*,*,#1142,.T.);
#1493=ORIENTED_EDGE('',*,*,#1144,.F.);
#1494=ORIENTED_EDGE('',*,*,#1145,.F.);
#1495=ORIENTED_EDGE('',*,*,#1146,.T.);
#1496=ORIENTED_EDGE('',*,*,#1145,.T.);
#1497=ORIENTED_EDGE('',*,*,#1147,.F.);
#1498=ORIENTED_EDGE('',*,*,#1134,.F.);
#1499=ORIENTED_EDGE('',*,*,#1148,.T.);
#1500=ORIENTED_EDGE('',*,*,#1149,.T.);
#1501=ORIENTED_EDGE('',*,*,#1150,.F.);
#1502=ORIENTED_EDGE('',*,*,#1151,.F.);
#1503=ORIENTED_EDGE('',*,*,#1152,.T.);
#1504=ORIENTED_EDGE('',*,*,#1151,.T.);
#1505=ORIENTED_EDGE('',*,*,#1153,.F.);
#1506=ORIENTED_EDGE('',*,*,#1154,.F.);
#1507=ORIENTED_EDGE('',*,*,#1155,.T.);
#1508=ORIENTED_EDGE('',*,*,#1154,.T.);
#1509=ORIENTED_EDGE('',*,*,#1156,.F.);
#1510=ORIENTED_EDGE('',*,*,#1157,.F.);
#1511=ORIENTED_EDGE('',*,*,#1158,.T.);
#1512=ORIENTED_EDGE('',*,*,#1157,.T.);
#1513=ORIENTED_EDGE('',*,*,#1159,.F.);
#1514=ORIENTED_EDGE('',*,*,#1149,.F.);
#1515=ORIENTED_EDGE('',*,*,#1160,.T.);
#1516=ORIENTED_EDGE('',*,*,#1161,.T.);
#1517=ORIENTED_EDGE('',*,*,#1162,.F.);
#1518=ORIENTED_EDGE('',*,*,#1163,.F.);
#1519=ORIENTED_EDGE('',*,*,#1164,.T.);
#1520=ORIENTED_EDGE('',*,*,#1163,.T.);
#1521=ORIENTED_EDGE('',*,*,#1165,.F.);
#1522=ORIENTED_EDGE('',*,*,#1166,.F.);
#1523=ORIENTED_EDGE('',*,*,#1167,.T.);
#1524=ORIENTED_EDGE('',*,*,#1166,.T.);
#1525=ORIENTED_EDGE('',*,*,#1168,.F.);
#1526=ORIENTED_EDGE('',*,*,#1169,.F.);
#1527=ORIENTED_EDGE('',*,*,#1170,.T.);
#1528=ORIENTED_EDGE('',*,*,#1169,.T.);
#1529=ORIENTED_EDGE('',*,*,#1171,.F.);
#1530=ORIENTED_EDGE('',*,*,#1161,.F.);
#1531=ORIENTED_EDGE('',*,*,#1172,.F.);
#1532=ORIENTED_EDGE('',*,*,#1173,.T.);
#1533=ORIENTED_EDGE('',*,*,#1174,.F.);
#1534=ORIENTED_EDGE('',*,*,#1175,.F.);
#1535=ORIENTED_EDGE('',*,*,#1176,.F.);
#1536=ORIENTED_EDGE('',*,*,#1175,.T.);
#1537=ORIENTED_EDGE('',*,*,#1177,.F.);
#1538=ORIENTED_EDGE('',*,*,#1178,.F.);
#1539=ORIENTED_EDGE('',*,*,#1179,.F.);
#1540=ORIENTED_EDGE('',*,*,#1178,.T.);
#1541=ORIENTED_EDGE('',*,*,#1180,.F.);
#1542=ORIENTED_EDGE('',*,*,#1181,.F.);
#1543=ORIENTED_EDGE('',*,*,#1182,.F.);
#1544=ORIENTED_EDGE('',*,*,#1181,.T.);
#1545=ORIENTED_EDGE('',*,*,#1183,.F.);
#1546=ORIENTED_EDGE('',*,*,#1184,.F.);
#1547=ORIENTED_EDGE('',*,*,#1185,.F.);
#1548=ORIENTED_EDGE('',*,*,#1184,.T.);
#1549=ORIENTED_EDGE('',*,*,#1186,.F.);
#1550=ORIENTED_EDGE('',*,*,#1187,.F.);
#1551=ORIENTED_EDGE('',*,*,#1188,.T.);
#1552=ORIENTED_EDGE('',*,*,#1187,.T.);
#1553=ORIENTED_EDGE('',*,*,#1189,.F.);
#1554=ORIENTED_EDGE('',*,*,#1190,.F.);
#1555=ORIENTED_EDGE('',*,*,#1191,.T.);
#1556=ORIENTED_EDGE('',*,*,#1190,.T.);
#1557=ORIENTED_EDGE('',*,*,#1192,.F.);
#1558=ORIENTED_EDGE('',*,*,#1193,.F.);
#1559=ORIENTED_EDGE('',*,*,#1194,.T.);
#1560=ORIENTED_EDGE('',*,*,#1193,.T.);
#1561=ORIENTED_EDGE('',*,*,#1195,.F.);
#1562=ORIENTED_EDGE('',*,*,#1196,.F.);
#1563=ORIENTED_EDGE('',*,*,#1197,.T.);
#1564=ORIENTED_EDGE('',*,*,#1196,.T.);
#1565=ORIENTED_EDGE('',*,*,#1198,.F.);
#1566=ORIENTED_EDGE('',*,*,#1199,.F.);
#1567=ORIENTED_EDGE('',*,*,#1200,.F.);
#1568=ORIENTED_EDGE('',*,*,#1199,.T.);
#1569=ORIENTED_EDGE('',*,*,#1201,.F.);
#1570=ORIENTED_EDGE('',*,*,#1173,.F.);
#1571=ORIENTED_EDGE('',*,*,#1201,.T.);
#1572=ORIENTED_EDGE('',*,*,#1198,.T.);
#1573=ORIENTED_EDGE('',*,*,#1195,.T.);
#1574=ORIENTED_EDGE('',*,*,#1192,.T.);
#1575=ORIENTED_EDGE('',*,*,#1189,.T.);
#1576=ORIENTED_EDGE('',*,*,#1186,.T.);
#1577=ORIENTED_EDGE('',*,*,#1183,.T.);
#1578=ORIENTED_EDGE('',*,*,#1180,.T.);
#1579=ORIENTED_EDGE('',*,*,#1177,.T.);
#1580=ORIENTED_EDGE('',*,*,#1174,.T.);
#1581=ORIENTED_EDGE('',*,*,#1171,.T.);
#1582=ORIENTED_EDGE('',*,*,#1168,.T.);
#1583=ORIENTED_EDGE('',*,*,#1165,.T.);
#1584=ORIENTED_EDGE('',*,*,#1162,.T.);
#1585=ORIENTED_EDGE('',*,*,#1159,.T.);
#1586=ORIENTED_EDGE('',*,*,#1156,.T.);
#1587=ORIENTED_EDGE('',*,*,#1153,.T.);
#1588=ORIENTED_EDGE('',*,*,#1150,.T.);
#1589=ORIENTED_EDGE('',*,*,#1147,.T.);
#1590=ORIENTED_EDGE('',*,*,#1144,.T.);
#1591=ORIENTED_EDGE('',*,*,#1141,.T.);
#1592=ORIENTED_EDGE('',*,*,#1138,.T.);
#1593=ORIENTED_EDGE('',*,*,#1135,.T.);
#1594=ORIENTED_EDGE('',*,*,#1200,.T.);
#1595=ORIENTED_EDGE('',*,*,#1172,.T.);
#1596=ORIENTED_EDGE('',*,*,#1176,.T.);
#1597=ORIENTED_EDGE('',*,*,#1179,.T.);
#1598=ORIENTED_EDGE('',*,*,#1182,.T.);
#1599=ORIENTED_EDGE('',*,*,#1185,.T.);
#1600=ORIENTED_EDGE('',*,*,#1188,.F.);
#1601=ORIENTED_EDGE('',*,*,#1191,.F.);
#1602=ORIENTED_EDGE('',*,*,#1194,.F.);
#1603=ORIENTED_EDGE('',*,*,#1197,.F.);
#1604=ORIENTED_EDGE('',*,*,#1170,.F.);
#1605=ORIENTED_EDGE('',*,*,#1160,.F.);
#1606=ORIENTED_EDGE('',*,*,#1164,.F.);
#1607=ORIENTED_EDGE('',*,*,#1167,.F.);
#1608=ORIENTED_EDGE('',*,*,#1158,.F.);
#1609=ORIENTED_EDGE('',*,*,#1148,.F.);
#1610=ORIENTED_EDGE('',*,*,#1152,.F.);
#1611=ORIENTED_EDGE('',*,*,#1155,.F.);
#1612=ORIENTED_EDGE('',*,*,#1146,.F.);
#1613=ORIENTED_EDGE('',*,*,#1133,.F.);
#1614=ORIENTED_EDGE('',*,*,#1137,.F.);
#1615=ORIENTED_EDGE('',*,*,#1140,.F.);
#1616=ORIENTED_EDGE('',*,*,#1143,.F.);
#1617=ORIENTED_EDGE('',*,*,#1202,.F.);
#1618=ORIENTED_EDGE('',*,*,#1203,.T.);
#1619=ORIENTED_EDGE('',*,*,#1204,.F.);
#1620=ORIENTED_EDGE('',*,*,#1203,.F.);
#1621=ORIENTED_EDGE('',*,*,#1205,.F.);
#1622=ORIENTED_EDGE('',*,*,#1206,.F.);
#1623=ORIENTED_EDGE('',*,*,#1207,.T.);
#1624=ORIENTED_EDGE('',*,*,#1208,.F.);
#1625=ORIENTED_EDGE('',*,*,#1207,.F.);
#1626=ORIENTED_EDGE('',*,*,#1209,.F.);
#1627=ORIENTED_EDGE('',*,*,#1210,.F.);
#1628=ORIENTED_EDGE('',*,*,#1211,.F.);
#1629=ORIENTED_EDGE('',*,*,#1212,.T.);
#1630=ORIENTED_EDGE('',*,*,#1213,.T.);
#1631=ORIENTED_EDGE('',*,*,#1214,.F.);
#1632=ORIENTED_EDGE('',*,*,#1215,.F.);
#1633=ORIENTED_EDGE('',*,*,#1216,.T.);
#1634=ORIENTED_EDGE('',*,*,#1217,.T.);
#1635=ORIENTED_EDGE('',*,*,#1212,.F.);
#1636=ORIENTED_EDGE('',*,*,#1218,.F.);
#1637=ORIENTED_EDGE('',*,*,#1219,.T.);
#1638=ORIENTED_EDGE('',*,*,#1220,.T.);
#1639=ORIENTED_EDGE('',*,*,#1216,.F.);
#1640=ORIENTED_EDGE('',*,*,#1221,.F.);
#1641=ORIENTED_EDGE('',*,*,#1222,.T.);
#1642=ORIENTED_EDGE('',*,*,#1223,.T.);
#1643=ORIENTED_EDGE('',*,*,#1219,.F.);
#1644=ORIENTED_EDGE('',*,*,#1224,.F.);
#1645=ORIENTED_EDGE('',*,*,#1225,.T.);
#1646=ORIENTED_EDGE('',*,*,#1226,.T.);
#1647=ORIENTED_EDGE('',*,*,#1222,.F.);
#1648=ORIENTED_EDGE('',*,*,#1227,.F.);
#1649=ORIENTED_EDGE('',*,*,#1214,.T.);
#1650=ORIENTED_EDGE('',*,*,#1228,.T.);
#1651=ORIENTED_EDGE('',*,*,#1225,.F.);
#1652=ORIENTED_EDGE('',*,*,#1228,.F.);
#1653=ORIENTED_EDGE('',*,*,#1213,.F.);
#1654=ORIENTED_EDGE('',*,*,#1217,.F.);
#1655=ORIENTED_EDGE('',*,*,#1220,.F.);
#1656=ORIENTED_EDGE('',*,*,#1223,.F.);
#1657=ORIENTED_EDGE('',*,*,#1226,.F.);
#1658=ORIENTED_EDGE('',*,*,#1229,.F.);
#1659=ORIENTED_EDGE('',*,*,#1230,.T.);
#1660=ORIENTED_EDGE('',*,*,#1231,.T.);
#1661=ORIENTED_EDGE('',*,*,#1232,.T.);
#1662=ORIENTED_EDGE('',*,*,#1233,.T.);
#1663=ORIENTED_EDGE('',*,*,#1211,.T.);
#1664=ORIENTED_EDGE('',*,*,#1227,.T.);
#1665=ORIENTED_EDGE('',*,*,#1224,.T.);
#1666=ORIENTED_EDGE('',*,*,#1221,.T.);
#1667=ORIENTED_EDGE('',*,*,#1218,.T.);
#1668=ORIENTED_EDGE('',*,*,#1215,.T.);
#1669=ORIENTED_EDGE('',*,*,#1234,.F.);
#1670=ORIENTED_EDGE('',*,*,#1235,.T.);
#1671=ORIENTED_EDGE('',*,*,#1236,.T.);
#1672=ORIENTED_EDGE('',*,*,#1237,.F.);
#1673=ORIENTED_EDGE('',*,*,#1238,.F.);
#1674=ORIENTED_EDGE('',*,*,#1239,.T.);
#1675=ORIENTED_EDGE('',*,*,#1240,.T.);
#1676=ORIENTED_EDGE('',*,*,#1235,.F.);
#1677=ORIENTED_EDGE('',*,*,#1241,.F.);
#1678=ORIENTED_EDGE('',*,*,#1242,.T.);
#1679=ORIENTED_EDGE('',*,*,#1243,.T.);
#1680=ORIENTED_EDGE('',*,*,#1239,.F.);
#1681=ORIENTED_EDGE('',*,*,#1244,.F.);
#1682=ORIENTED_EDGE('',*,*,#1245,.T.);
#1683=ORIENTED_EDGE('',*,*,#1246,.T.);
#1684=ORIENTED_EDGE('',*,*,#1242,.F.);
#1685=ORIENTED_EDGE('',*,*,#1247,.F.);
#1686=ORIENTED_EDGE('',*,*,#1248,.T.);
#1687=ORIENTED_EDGE('',*,*,#1249,.T.);
#1688=ORIENTED_EDGE('',*,*,#1245,.F.);
#1689=ORIENTED_EDGE('',*,*,#1250,.F.);
#1690=ORIENTED_EDGE('',*,*,#1237,.T.);
#1691=ORIENTED_EDGE('',*,*,#1251,.T.);
#1692=ORIENTED_EDGE('',*,*,#1248,.F.);
#1693=ORIENTED_EDGE('',*,*,#1251,.F.);
#1694=ORIENTED_EDGE('',*,*,#1236,.F.);
#1695=ORIENTED_EDGE('',*,*,#1240,.F.);
#1696=ORIENTED_EDGE('',*,*,#1243,.F.);
#1697=ORIENTED_EDGE('',*,*,#1246,.F.);
#1698=ORIENTED_EDGE('',*,*,#1249,.F.);
#1699=ORIENTED_EDGE('',*,*,#1252,.F.);
#1700=ORIENTED_EDGE('',*,*,#1253,.T.);
#1701=ORIENTED_EDGE('',*,*,#1254,.T.);
#1702=ORIENTED_EDGE('',*,*,#1255,.T.);
#1703=ORIENTED_EDGE('',*,*,#1256,.T.);
#1704=ORIENTED_EDGE('',*,*,#1234,.T.);
#1705=ORIENTED_EDGE('',*,*,#1250,.T.);
#1706=ORIENTED_EDGE('',*,*,#1247,.T.);
#1707=ORIENTED_EDGE('',*,*,#1244,.T.);
#1708=ORIENTED_EDGE('',*,*,#1241,.T.);
#1709=ORIENTED_EDGE('',*,*,#1238,.T.);
#1710=ORIENTED_EDGE('',*,*,#1229,.T.);
#1711=ORIENTED_EDGE('',*,*,#1257,.T.);
#1712=ORIENTED_EDGE('',*,*,#1205,.T.);
#1713=ORIENTED_EDGE('',*,*,#1257,.F.);
#1714=ORIENTED_EDGE('',*,*,#1258,.T.);
#1715=ORIENTED_EDGE('',*,*,#1259,.F.);
#1716=ORIENTED_EDGE('',*,*,#1260,.F.);
#1717=ORIENTED_EDGE('',*,*,#1261,.F.);
#1718=ORIENTED_EDGE('',*,*,#1260,.T.);
#1719=ORIENTED_EDGE('',*,*,#1262,.F.);
#1720=ORIENTED_EDGE('',*,*,#1263,.F.);
#1721=ORIENTED_EDGE('',*,*,#1264,.F.);
#1722=ORIENTED_EDGE('',*,*,#1265,.F.);
#1723=ORIENTED_EDGE('',*,*,#1266,.T.);
#1724=ORIENTED_EDGE('',*,*,#1267,.F.);
#1725=ORIENTED_EDGE('',*,*,#1268,.F.);
#1726=ORIENTED_EDGE('',*,*,#1265,.T.);
#1727=ORIENTED_EDGE('',*,*,#1269,.F.);
#1728=ORIENTED_EDGE('',*,*,#1270,.F.);
#1729=ORIENTED_EDGE('',*,*,#1271,.F.);
#1730=ORIENTED_EDGE('',*,*,#1272,.F.);
#1731=ORIENTED_EDGE('',*,*,#1270,.T.);
#1732=ORIENTED_EDGE('',*,*,#1273,.F.);
#1733=ORIENTED_EDGE('',*,*,#1259,.T.);
#1734=ORIENTED_EDGE('',*,*,#1274,.T.);
#1735=ORIENTED_EDGE('',*,*,#1231,.F.);
#1736=ORIENTED_EDGE('',*,*,#1275,.T.);
#1737=ORIENTED_EDGE('',*,*,#1271,.T.);
#1738=ORIENTED_EDGE('',*,*,#1272,.T.);
#1739=ORIENTED_EDGE('',*,*,#1276,.T.);
#1740=ORIENTED_EDGE('',*,*,#1262,.T.);
#1741=ORIENTED_EDGE('',*,*,#1202,.T.);
#1742=ORIENTED_EDGE('',*,*,#1267,.T.);
#1743=ORIENTED_EDGE('',*,*,#1277,.T.);
#1744=ORIENTED_EDGE('',*,*,#1278,.T.);
#1745=ORIENTED_EDGE('',*,*,#1279,.T.);
#1746=ORIENTED_EDGE('',*,*,#1280,.F.);
#1747=ORIENTED_EDGE('',*,*,#1281,.F.);
#1748=ORIENTED_EDGE('',*,*,#1282,.F.);
#1749=ORIENTED_EDGE('',*,*,#1283,.T.);
#1750=ORIENTED_EDGE('',*,*,#1284,.T.);
#1751=ORIENTED_EDGE('',*,*,#1285,.F.);
#1752=ORIENTED_EDGE('',*,*,#1286,.F.);
#1753=ORIENTED_EDGE('',*,*,#1287,.T.);
#1754=ORIENTED_EDGE('',*,*,#1283,.F.);
#1755=ORIENTED_EDGE('',*,*,#1286,.T.);
#1756=ORIENTED_EDGE('',*,*,#1288,.F.);
#1757=ORIENTED_EDGE('',*,*,#1289,.F.);
#1758=ORIENTED_EDGE('',*,*,#1281,.T.);
#1759=ORIENTED_EDGE('',*,*,#1290,.T.);
#1760=ORIENTED_EDGE('',*,*,#1291,.T.);
#1761=ORIENTED_EDGE('',*,*,#1292,.T.);
#1762=ORIENTED_EDGE('',*,*,#1293,.F.);
#1763=ORIENTED_EDGE('',*,*,#1294,.T.);
#1764=ORIENTED_EDGE('',*,*,#1295,.F.);
#1765=ORIENTED_EDGE('',*,*,#1296,.F.);
#1766=ORIENTED_EDGE('',*,*,#1297,.F.);
#1767=ORIENTED_EDGE('',*,*,#1295,.T.);
#1768=ORIENTED_EDGE('',*,*,#1298,.F.);
#1769=ORIENTED_EDGE('',*,*,#1252,.T.);
#1770=ORIENTED_EDGE('',*,*,#1299,.T.);
#1771=ORIENTED_EDGE('',*,*,#1210,.T.);
#1772=ORIENTED_EDGE('',*,*,#1209,.T.);
#1773=ORIENTED_EDGE('',*,*,#1299,.F.);
#1774=ORIENTED_EDGE('',*,*,#1300,.T.);
#1775=ORIENTED_EDGE('',*,*,#1253,.F.);
#1776=ORIENTED_EDGE('',*,*,#1301,.F.);
#1777=ORIENTED_EDGE('',*,*,#1287,.F.);
#1778=ORIENTED_EDGE('',*,*,#1302,.F.);
#1779=ORIENTED_EDGE('',*,*,#1294,.F.);
#1780=ORIENTED_EDGE('',*,*,#1289,.T.);
#1781=ORIENTED_EDGE('',*,*,#1303,.F.);
#1782=ORIENTED_EDGE('',*,*,#1298,.T.);
#1783=ORIENTED_EDGE('',*,*,#1302,.T.);
#1784=ORIENTED_EDGE('',*,*,#1263,.T.);
#1785=ORIENTED_EDGE('',*,*,#1276,.F.);
#1786=ORIENTED_EDGE('',*,*,#1273,.T.);
#1787=ORIENTED_EDGE('',*,*,#1304,.F.);
#1788=ORIENTED_EDGE('',*,*,#1305,.T.);
#1789=ORIENTED_EDGE('',*,*,#1261,.T.);
#1790=ORIENTED_EDGE('',*,*,#1304,.T.);
#1791=ORIENTED_EDGE('',*,*,#1269,.T.);
#1792=ORIENTED_EDGE('',*,*,#1306,.T.);
#1793=ORIENTED_EDGE('',*,*,#1255,.F.);
#1794=ORIENTED_EDGE('',*,*,#1306,.F.);
#1795=ORIENTED_EDGE('',*,*,#1264,.T.);
#1796=ORIENTED_EDGE('',*,*,#1279,.F.);
#1797=ORIENTED_EDGE('',*,*,#1307,.F.);
#1798=ORIENTED_EDGE('',*,*,#1290,.F.);
#1799=ORIENTED_EDGE('',*,*,#1280,.T.);
#1800=ORIENTED_EDGE('',*,*,#1301,.T.);
#1801=ORIENTED_EDGE('',*,*,#1256,.F.);
#1802=ORIENTED_EDGE('',*,*,#1208,.T.);
#1803=ORIENTED_EDGE('',*,*,#1285,.T.);
#1804=ORIENTED_EDGE('',*,*,#1308,.T.);
#1805=ORIENTED_EDGE('',*,*,#1233,.F.);
#1806=ORIENTED_EDGE('',*,*,#1309,.F.);
#1807=ORIENTED_EDGE('',*,*,#1296,.T.);
#1808=ORIENTED_EDGE('',*,*,#1297,.T.);
#1809=ORIENTED_EDGE('',*,*,#1303,.T.);
#1810=ORIENTED_EDGE('',*,*,#1288,.T.);
#1811=ORIENTED_EDGE('',*,*,#1204,.T.);
#1812=ORIENTED_EDGE('',*,*,#1275,.F.);
#1813=ORIENTED_EDGE('',*,*,#1230,.F.);
#1814=ORIENTED_EDGE('',*,*,#1308,.F.);
#1815=ORIENTED_EDGE('',*,*,#1284,.F.);
#1816=ORIENTED_EDGE('',*,*,#1282,.T.);
#1817=ORIENTED_EDGE('',*,*,#1292,.F.);
#1818=ORIENTED_EDGE('',*,*,#1310,.F.);
#1819=ORIENTED_EDGE('',*,*,#1277,.F.);
#1820=ORIENTED_EDGE('',*,*,#1266,.F.);
#1821=ORIENTED_EDGE('',*,*,#1268,.T.);
#1822=ORIENTED_EDGE('',*,*,#1307,.T.);
#1823=ORIENTED_EDGE('',*,*,#1278,.F.);
#1824=ORIENTED_EDGE('',*,*,#1310,.T.);
#1825=ORIENTED_EDGE('',*,*,#1291,.F.);
#1826=ORIENTED_EDGE('',*,*,#1305,.F.);
#1827=ORIENTED_EDGE('',*,*,#1254,.F.);
#1828=ORIENTED_EDGE('',*,*,#1300,.F.);
#1829=ORIENTED_EDGE('',*,*,#1293,.T.);
#1830=ORIENTED_EDGE('',*,*,#1309,.T.);
#1831=ORIENTED_EDGE('',*,*,#1232,.F.);
#1832=ORIENTED_EDGE('',*,*,#1274,.F.);
#1833=ORIENTED_EDGE('',*,*,#1258,.F.);
#1834=ORIENTED_EDGE('',*,*,#1206,.T.);
#1835=ORIENTED_EDGE('',*,*,#1311,.F.);
#1836=ORIENTED_EDGE('',*,*,#1312,.T.);
#1837=ORIENTED_EDGE('',*,*,#1313,.F.);
#1838=ORIENTED_EDGE('',*,*,#1314,.T.);
#1839=ORIENTED_EDGE('',*,*,#1315,.F.);
#1840=ORIENTED_EDGE('',*,*,#1314,.F.);
#1841=ORIENTED_EDGE('',*,*,#1316,.F.);
#1842=ORIENTED_EDGE('',*,*,#1317,.F.);
#1843=ORIENTED_EDGE('',*,*,#1312,.F.);
#1844=ORIENTED_EDGE('',*,*,#1318,.F.);
#1845=ORIENTED_EDGE('',*,*,#1319,.T.);
#1846=ORIENTED_EDGE('',*,*,#1320,.T.);
#1847=ORIENTED_EDGE('',*,*,#1321,.F.);
#1848=ORIENTED_EDGE('',*,*,#1322,.F.);
#1849=ORIENTED_EDGE('',*,*,#1323,.T.);
#1850=ORIENTED_EDGE('',*,*,#1324,.T.);
#1851=ORIENTED_EDGE('',*,*,#1319,.F.);
#1852=ORIENTED_EDGE('',*,*,#1325,.F.);
#1853=ORIENTED_EDGE('',*,*,#1326,.T.);
#1854=ORIENTED_EDGE('',*,*,#1327,.T.);
#1855=ORIENTED_EDGE('',*,*,#1323,.F.);
#1856=ORIENTED_EDGE('',*,*,#1328,.F.);
#1857=ORIENTED_EDGE('',*,*,#1329,.T.);
#1858=ORIENTED_EDGE('',*,*,#1330,.T.);
#1859=ORIENTED_EDGE('',*,*,#1326,.F.);
#1860=ORIENTED_EDGE('',*,*,#1331,.F.);
#1861=ORIENTED_EDGE('',*,*,#1332,.T.);
#1862=ORIENTED_EDGE('',*,*,#1333,.T.);
#1863=ORIENTED_EDGE('',*,*,#1329,.F.);
#1864=ORIENTED_EDGE('',*,*,#1334,.F.);
#1865=ORIENTED_EDGE('',*,*,#1321,.T.);
#1866=ORIENTED_EDGE('',*,*,#1335,.T.);
#1867=ORIENTED_EDGE('',*,*,#1332,.F.);
#1868=ORIENTED_EDGE('',*,*,#1335,.F.);
#1869=ORIENTED_EDGE('',*,*,#1320,.F.);
#1870=ORIENTED_EDGE('',*,*,#1324,.F.);
#1871=ORIENTED_EDGE('',*,*,#1327,.F.);
#1872=ORIENTED_EDGE('',*,*,#1330,.F.);
#1873=ORIENTED_EDGE('',*,*,#1333,.F.);
#1874=ORIENTED_EDGE('',*,*,#1336,.F.);
#1875=ORIENTED_EDGE('',*,*,#1337,.T.);
#1876=ORIENTED_EDGE('',*,*,#1338,.T.);
#1877=ORIENTED_EDGE('',*,*,#1339,.T.);
#1878=ORIENTED_EDGE('',*,*,#1340,.T.);
#1879=ORIENTED_EDGE('',*,*,#1318,.T.);
#1880=ORIENTED_EDGE('',*,*,#1334,.T.);
#1881=ORIENTED_EDGE('',*,*,#1331,.T.);
#1882=ORIENTED_EDGE('',*,*,#1328,.T.);
#1883=ORIENTED_EDGE('',*,*,#1325,.T.);
#1884=ORIENTED_EDGE('',*,*,#1322,.T.);
#1885=ORIENTED_EDGE('',*,*,#1341,.T.);
#1886=ORIENTED_EDGE('',*,*,#1342,.F.);
#1887=ORIENTED_EDGE('',*,*,#1343,.F.);
#1888=ORIENTED_EDGE('',*,*,#1344,.F.);
#1889=ORIENTED_EDGE('',*,*,#1345,.T.);
#1890=ORIENTED_EDGE('',*,*,#1346,.T.);
#1891=ORIENTED_EDGE('',*,*,#1347,.F.);
#1892=ORIENTED_EDGE('',*,*,#1348,.T.);
#1893=ORIENTED_EDGE('',*,*,#1349,.F.);
#1894=ORIENTED_EDGE('',*,*,#1350,.F.);
#1895=ORIENTED_EDGE('',*,*,#1336,.T.);
#1896=ORIENTED_EDGE('',*,*,#1351,.T.);
#1897=ORIENTED_EDGE('',*,*,#1316,.T.);
#1898=ORIENTED_EDGE('',*,*,#1313,.T.);
#1899=ORIENTED_EDGE('',*,*,#1317,.T.);
#1900=ORIENTED_EDGE('',*,*,#1351,.F.);
#1901=ORIENTED_EDGE('',*,*,#1352,.T.);
#1902=ORIENTED_EDGE('',*,*,#1353,.T.);
#1903=ORIENTED_EDGE('',*,*,#1354,.T.);
#1904=ORIENTED_EDGE('',*,*,#1355,.T.);
#1905=ORIENTED_EDGE('',*,*,#1356,.T.);
#1906=ORIENTED_EDGE('',*,*,#1344,.T.);
#1907=ORIENTED_EDGE('',*,*,#1357,.T.);
#1908=ORIENTED_EDGE('',*,*,#1358,.T.);
#1909=ORIENTED_EDGE('',*,*,#1359,.T.);
#1910=ORIENTED_EDGE('',*,*,#1360,.T.);
#1911=ORIENTED_EDGE('',*,*,#1361,.F.);
#1912=ORIENTED_EDGE('',*,*,#1362,.F.);
#1913=ORIENTED_EDGE('',*,*,#1363,.F.);
#1914=ORIENTED_EDGE('',*,*,#1352,.F.);
#1915=ORIENTED_EDGE('',*,*,#1364,.T.);
#1916=ORIENTED_EDGE('',*,*,#1365,.F.);
#1917=ORIENTED_EDGE('',*,*,#1366,.F.);
#1918=ORIENTED_EDGE('',*,*,#1354,.F.);
#1919=ORIENTED_EDGE('',*,*,#1363,.T.);
#1920=ORIENTED_EDGE('',*,*,#1367,.F.);
#1921=ORIENTED_EDGE('',*,*,#1364,.F.);
#1922=ORIENTED_EDGE('',*,*,#1353,.F.);
#1923=ORIENTED_EDGE('',*,*,#1361,.T.);
#1924=ORIENTED_EDGE('',*,*,#1360,.F.);
#1925=ORIENTED_EDGE('',*,*,#1368,.F.);
#1926=ORIENTED_EDGE('',*,*,#1369,.F.);
#1927=ORIENTED_EDGE('',*,*,#1370,.F.);
#1928=ORIENTED_EDGE('',*,*,#1368,.T.);
#1929=ORIENTED_EDGE('',*,*,#1359,.F.);
#1930=ORIENTED_EDGE('',*,*,#1371,.F.);
#1931=ORIENTED_EDGE('',*,*,#1371,.T.);
#1932=ORIENTED_EDGE('',*,*,#1358,.F.);
#1933=ORIENTED_EDGE('',*,*,#1372,.T.);
#1934=ORIENTED_EDGE('',*,*,#1373,.T.);
#1935=ORIENTED_EDGE('',*,*,#1366,.T.);
#1936=ORIENTED_EDGE('',*,*,#1374,.T.);
#1937=ORIENTED_EDGE('',*,*,#1375,.T.);
#1938=ORIENTED_EDGE('',*,*,#1355,.F.);
#1939=ORIENTED_EDGE('',*,*,#1362,.T.);
#1940=ORIENTED_EDGE('',*,*,#1369,.T.);
#1941=ORIENTED_EDGE('',*,*,#1370,.T.);
#1942=ORIENTED_EDGE('',*,*,#1373,.F.);
#1943=ORIENTED_EDGE('',*,*,#1376,.F.);
#1944=ORIENTED_EDGE('',*,*,#1377,.T.);
#1945=ORIENTED_EDGE('',*,*,#1378,.F.);
#1946=ORIENTED_EDGE('',*,*,#1374,.F.);
#1947=ORIENTED_EDGE('',*,*,#1365,.T.);
#1948=ORIENTED_EDGE('',*,*,#1367,.T.);
#1949=ORIENTED_EDGE('',*,*,#1379,.F.);
#1950=ORIENTED_EDGE('',*,*,#1380,.F.);
#1951=ORIENTED_EDGE('',*,*,#1381,.T.);
#1952=ORIENTED_EDGE('',*,*,#1382,.F.);
#1953=ORIENTED_EDGE('',*,*,#1383,.F.);
#1954=ORIENTED_EDGE('',*,*,#1381,.F.);
#1955=ORIENTED_EDGE('',*,*,#1384,.F.);
#1956=ORIENTED_EDGE('',*,*,#1377,.F.);
#1957=ORIENTED_EDGE('',*,*,#1378,.T.);
#1958=ORIENTED_EDGE('',*,*,#1384,.T.);
#1959=ORIENTED_EDGE('',*,*,#1380,.T.);
#1960=ORIENTED_EDGE('',*,*,#1385,.T.);
#1961=ORIENTED_EDGE('',*,*,#1345,.F.);
#1962=ORIENTED_EDGE('',*,*,#1341,.F.);
#1963=ORIENTED_EDGE('',*,*,#1356,.F.);
#1964=ORIENTED_EDGE('',*,*,#1375,.F.);
#1965=ORIENTED_EDGE('',*,*,#1379,.T.);
#1966=ORIENTED_EDGE('',*,*,#1386,.T.);
#1967=ORIENTED_EDGE('',*,*,#1346,.F.);
#1968=ORIENTED_EDGE('',*,*,#1385,.F.);
#1969=ORIENTED_EDGE('',*,*,#1387,.F.);
#1970=ORIENTED_EDGE('',*,*,#1337,.F.);
#1971=ORIENTED_EDGE('',*,*,#1388,.F.);
#1972=ORIENTED_EDGE('',*,*,#1348,.F.);
#1973=ORIENTED_EDGE('',*,*,#1389,.F.);
#1974=ORIENTED_EDGE('',*,*,#1342,.T.);
#1975=ORIENTED_EDGE('',*,*,#1350,.T.);
#1976=ORIENTED_EDGE('',*,*,#1390,.T.);
#1977=ORIENTED_EDGE('',*,*,#1339,.F.);
#1978=ORIENTED_EDGE('',*,*,#1390,.F.);
#1979=ORIENTED_EDGE('',*,*,#1349,.T.);
#1980=ORIENTED_EDGE('',*,*,#1388,.T.);
#1981=ORIENTED_EDGE('',*,*,#1340,.F.);
#1982=ORIENTED_EDGE('',*,*,#1315,.T.);
#1983=ORIENTED_EDGE('',*,*,#1376,.T.);
#1984=ORIENTED_EDGE('',*,*,#1372,.F.);
#1985=ORIENTED_EDGE('',*,*,#1357,.F.);
#1986=ORIENTED_EDGE('',*,*,#1343,.T.);
#1987=ORIENTED_EDGE('',*,*,#1389,.T.);
#1988=ORIENTED_EDGE('',*,*,#1338,.F.);
#1989=ORIENTED_EDGE('',*,*,#1387,.T.);
#1990=ORIENTED_EDGE('',*,*,#1347,.T.);
#1991=ORIENTED_EDGE('',*,*,#1386,.F.);
#1992=ORIENTED_EDGE('',*,*,#1382,.T.);
#1993=ORIENTED_EDGE('',*,*,#1383,.T.);
#1994=ORIENTED_EDGE('',*,*,#1311,.T.);
#1995=PLANE('',#2227);
#1996=PLANE('',#2240);
#1997=PLANE('',#2241);
#1998=PLANE('',#2242);
#1999=PLANE('',#2243);
#2000=PLANE('',#2244);
#2001=PLANE('',#2246);
#2002=PLANE('',#2247);
#2003=PLANE('',#2250);
#2004=PLANE('',#2251);
#2005=PLANE('',#2252);
#2006=PLANE('',#2253);
#2007=PLANE('',#2254);
#2008=PLANE('',#2255);
#2009=PLANE('',#2256);
#2010=PLANE('',#2257);
#2011=PLANE('',#2258);
#2012=PLANE('',#2259);
#2013=PLANE('',#2260);
#2014=PLANE('',#2261);
#2015=PLANE('',#2262);
#2016=PLANE('',#2263);
#2017=PLANE('',#2264);
#2018=PLANE('',#2265);
#2019=PLANE('',#2266);
#2020=PLANE('',#2267);
#2021=PLANE('',#2268);
#2022=PLANE('',#2269);
#2023=PLANE('',#2270);
#2024=PLANE('',#2271);
#2025=PLANE('',#2272);
#2026=PLANE('',#2273);
#2027=PLANE('',#2274);
#2028=PLANE('',#2275);
#2029=PLANE('',#2276);
#2030=PLANE('',#2277);
#2031=PLANE('',#2278);
#2032=PLANE('',#2285);
#2033=PLANE('',#2286);
#2034=PLANE('',#2287);
#2035=PLANE('',#2288);
#2036=PLANE('',#2289);
#2037=PLANE('',#2290);
#2038=PLANE('',#2291);
#2039=PLANE('',#2293);
#2040=PLANE('',#2294);
#2041=PLANE('',#2295);
#2042=PLANE('',#2296);
#2043=PLANE('',#2297);
#2044=PLANE('',#2298);
#2045=PLANE('',#2299);
#2046=PLANE('',#2300);
#2047=PLANE('',#2302);
#2048=PLANE('',#2304);
#2049=PLANE('',#2305);
#2050=PLANE('',#2306);
#2051=PLANE('',#2307);
#2052=PLANE('',#2308);
#2053=PLANE('',#2309);
#2054=PLANE('',#2310);
#2055=PLANE('',#2311);
#2056=PLANE('',#2312);
#2057=PLANE('',#2313);
#2058=PLANE('',#2314);
#2059=PLANE('',#2315);
#2060=PLANE('',#2316);
#2061=PLANE('',#2318);
#2062=PLANE('',#2319);
#2063=PLANE('',#2320);
#2064=PLANE('',#2321);
#2065=PLANE('',#2322);
#2066=PLANE('',#2323);
#2067=PLANE('',#2324);
#2068=PLANE('',#2325);
#2069=PLANE('',#2326);
#2070=PLANE('',#2330);
#2071=PLANE('',#2331);
#2072=PLANE('',#2332);
#2073=PLANE('',#2333);
#2074=PLANE('',#2334);
#2075=PLANE('',#2335);
#2076=PLANE('',#2336);
#2077=PLANE('',#2338);
#2078=PLANE('',#2339);
#2079=PLANE('',#2340);
#2080=PLANE('',#2342);
#2081=PLANE('',#2346);
#2082=PLANE('',#2347);
#2083=PLANE('',#2348);
#2084=PLANE('',#2349);
#2085=PLANE('',#2350);
#2086=PLANE('',#2351);
#2087=PLANE('',#2352);
#2088=PLANE('',#2353);
#2089=PLANE('',#2354);
#2090=PLANE('',#2355);
#2091=PLANE('',#2356);
#2092=PLANE('',#2357);
#2093=PLANE('',#2358);
#2094=PLANE('',#2359);
#2095=PLANE('',#2360);
#2096=ADVANCED_FACE('',(#87,#45),#1995,.T.);
#2097=ADVANCED_FACE('',(#88,#46),#32,.F.);
#2098=ADVANCED_FACE('',(#89),#33,.F.);
#2099=ADVANCED_FACE('',(#90),#34,.T.);
#2100=ADVANCED_FACE('',(#91),#35,.T.);
#2101=ADVANCED_FACE('',(#92),#36,.T.);
#2102=ADVANCED_FACE('',(#93),#1996,.T.);
#2103=ADVANCED_FACE('',(#94),#1997,.T.);
#2104=ADVANCED_FACE('',(#95),#1998,.T.);
#2105=ADVANCED_FACE('',(#96,#47),#1999,.F.);
#2106=ADVANCED_FACE('',(#97,#48),#2000,.F.);
#2107=ADVANCED_FACE('',(#98),#2001,.T.);
#2108=ADVANCED_FACE('',(#99,#49),#2002,.T.);
#2109=ADVANCED_FACE('',(#100),#37,.F.);
#2110=ADVANCED_FACE('',(#101,#50),#2003,.T.);
#2111=ADVANCED_FACE('',(#102),#2004,.T.);
#2112=ADVANCED_FACE('',(#103),#2005,.T.);
#2113=ADVANCED_FACE('',(#104),#2006,.T.);
#2114=ADVANCED_FACE('',(#105),#2007,.T.);
#2115=ADVANCED_FACE('',(#106),#2008,.T.);
#2116=ADVANCED_FACE('',(#107),#2009,.T.);
#2117=ADVANCED_FACE('',(#108),#2010,.T.);
#2118=ADVANCED_FACE('',(#109),#2011,.T.);
#2119=ADVANCED_FACE('',(#110),#2012,.T.);
#2120=ADVANCED_FACE('',(#111),#2013,.T.);
#2121=ADVANCED_FACE('',(#112),#2014,.T.);
#2122=ADVANCED_FACE('',(#113),#2015,.T.);
#2123=ADVANCED_FACE('',(#114),#2016,.T.);
#2124=ADVANCED_FACE('',(#115),#2017,.T.);
#2125=ADVANCED_FACE('',(#116),#2018,.T.);
#2126=ADVANCED_FACE('',(#117),#2019,.T.);
#2127=ADVANCED_FACE('',(#118),#2020,.T.);
#2128=ADVANCED_FACE('',(#119),#2021,.T.);
#2129=ADVANCED_FACE('',(#120),#2022,.T.);
#2130=ADVANCED_FACE('',(#121),#2023,.T.);
#2131=ADVANCED_FACE('',(#122),#2024,.T.);
#2132=ADVANCED_FACE('',(#123),#2025,.T.);
#2133=ADVANCED_FACE('',(#124),#2026,.T.);
#2134=ADVANCED_FACE('',(#125),#2027,.T.);
#2135=ADVANCED_FACE('',(#126),#2028,.T.);
#2136=ADVANCED_FACE('',(#127),#2029,.T.);
#2137=ADVANCED_FACE('',(#128,#51,#52,#53),#2030,.T.);
#2138=ADVANCED_FACE('',(#129,#54,#55,#56),#2031,.F.);
#2139=ADVANCED_FACE('',(#130,#57),#38,.F.);
#2140=ADVANCED_FACE('',(#131,#58),#39,.F.);
#2141=ADVANCED_FACE('',(#132),#2032,.F.);
#2142=ADVANCED_FACE('',(#133),#2033,.F.);
#2143=ADVANCED_FACE('',(#134),#2034,.F.);
#2144=ADVANCED_FACE('',(#135),#2035,.F.);
#2145=ADVANCED_FACE('',(#136),#2036,.F.);
#2146=ADVANCED_FACE('',(#137),#2037,.F.);
#2147=ADVANCED_FACE('',(#138,#59),#2038,.F.);
#2148=ADVANCED_FACE('',(#139,#60),#2039,.T.);
#2149=ADVANCED_FACE('',(#140),#2040,.F.);
#2150=ADVANCED_FACE('',(#141),#2041,.F.);
#2151=ADVANCED_FACE('',(#142),#2042,.F.);
#2152=ADVANCED_FACE('',(#143),#2043,.F.);
#2153=ADVANCED_FACE('',(#144),#2044,.F.);
#2154=ADVANCED_FACE('',(#145),#2045,.F.);
#2155=ADVANCED_FACE('',(#146,#61),#2046,.T.);
#2156=ADVANCED_FACE('',(#147,#62),#2047,.T.);
#2157=ADVANCED_FACE('',(#148),#40,.F.);
#2158=ADVANCED_FACE('',(#149),#2048,.T.);
#2159=ADVANCED_FACE('',(#150),#2049,.T.);
#2160=ADVANCED_FACE('',(#151),#2050,.T.);
#2161=ADVANCED_FACE('',(#152),#2051,.T.);
#2162=ADVANCED_FACE('',(#153),#2052,.T.);
#2163=ADVANCED_FACE('',(#154,#63),#2053,.F.);
#2164=ADVANCED_FACE('',(#155),#2054,.F.);
#2165=ADVANCED_FACE('',(#156),#2055,.T.);
#2166=ADVANCED_FACE('',(#157),#2056,.T.);
#2167=ADVANCED_FACE('',(#158),#2057,.T.);
#2168=ADVANCED_FACE('',(#159),#2058,.T.);
#2169=ADVANCED_FACE('',(#160),#2059,.T.);
#2170=ADVANCED_FACE('',(#161),#2060,.T.);
#2171=ADVANCED_FACE('',(#162),#41,.F.);
#2172=ADVANCED_FACE('',(#163),#2061,.T.);
#2173=ADVANCED_FACE('',(#164),#2062,.T.);
#2174=ADVANCED_FACE('',(#165),#2063,.T.);
#2175=ADVANCED_FACE('',(#166),#2064,.T.);
#2176=ADVANCED_FACE('',(#167,#64),#2065,.T.);
#2177=ADVANCED_FACE('',(#168,#65),#2066,.T.);
#2178=ADVANCED_FACE('',(#169),#2067,.T.);
#2179=ADVANCED_FACE('',(#170),#2068,.T.);
#2180=ADVANCED_FACE('',(#171,#66),#2069,.T.);
#2181=ADVANCED_FACE('',(#172),#42,.F.);
#2182=ADVANCED_FACE('',(#173),#2070,.F.);
#2183=ADVANCED_FACE('',(#174),#2071,.F.);
#2184=ADVANCED_FACE('',(#175),#2072,.F.);
#2185=ADVANCED_FACE('',(#176),#2073,.F.);
#2186=ADVANCED_FACE('',(#177),#2074,.F.);
#2187=ADVANCED_FACE('',(#178),#2075,.F.);
#2188=ADVANCED_FACE('',(#179,#67),#2076,.T.);
#2189=ADVANCED_FACE('',(#180,#68),#2077,.T.);
#2190=ADVANCED_FACE('',(#181),#2078,.T.);
#2191=ADVANCED_FACE('',(#182),#2079,.T.);
#2192=ADVANCED_FACE('',(#183),#43,.F.);
#2193=ADVANCED_FACE('',(#184),#2080,.T.);
#2194=ADVANCED_FACE('',(#185),#44,.F.);
#2195=ADVANCED_FACE('',(#186),#2081,.F.);
#2196=ADVANCED_FACE('',(#187),#2082,.F.);
#2197=ADVANCED_FACE('',(#188),#2083,.F.);
#2198=ADVANCED_FACE('',(#189),#2084,.F.);
#2199=ADVANCED_FACE('',(#190),#2085,.T.);
#2200=ADVANCED_FACE('',(#191),#2086,.T.);
#2201=ADVANCED_FACE('',(#192),#2087,.F.);
#2202=ADVANCED_FACE('',(#193),#2088,.F.);
#2203=ADVANCED_FACE('',(#194),#2089,.F.);
#2204=ADVANCED_FACE('',(#195),#2090,.T.);
#2205=ADVANCED_FACE('',(#196),#2091,.T.);
#2206=ADVANCED_FACE('',(#197),#2092,.T.);
#2207=ADVANCED_FACE('',(#198),#2093,.T.);
#2208=ADVANCED_FACE('',(#199,#69),#2094,.T.);
#2209=ADVANCED_FACE('',(#200,#70),#2095,.F.);
#2210=CLOSED_SHELL('',(#2096,#2097,#2098,#2099,#2100,#2101,#2102,#2103,
#2104,#2105,#2106,#2107,#2108,#2109,#2110,#2111,#2112,#2113));
#2211=CLOSED_SHELL('',(#2114,#2115,#2116,#2117,#2118,#2119,#2120,#2121,
#2122,#2123,#2124,#2125,#2126,#2127,#2128,#2129,#2130,#2131,#2132,#2133,
#2134,#2135,#2136,#2137,#2138));
#2212=CLOSED_SHELL('',(#2139,#2140,#2141,#2142,#2143,#2144,#2145,#2146,
#2147,#2148,#2149,#2150,#2151,#2152,#2153,#2154,#2155,#2156,#2157,#2158,
#2159,#2160,#2161,#2162,#2163,#2164,#2165,#2166,#2167,#2168,#2169,#2170,
#2171,#2172,#2173,#2174,#2175,#2176,#2177,#2178,#2179,#2180));
#2213=CLOSED_SHELL('',(#2181,#2182,#2183,#2184,#2185,#2186,#2187,#2188,
#2189,#2190,#2191,#2192,#2193,#2194,#2195,#2196,#2197,#2198,#2199,#2200,
#2201,#2202,#2203,#2204,#2205,#2206,#2207,#2208,#2209));
#2214=DERIVED_UNIT_ELEMENT(#2216,1.);
#2215=DERIVED_UNIT_ELEMENT(#3661,-3.);
#2216=(
MASS_UNIT()
NAMED_UNIT(*)
SI_UNIT(.KILO.,.GRAM.)
);
#2217=DERIVED_UNIT((#2214,#2215));
#2218=MEASURE_REPRESENTATION_ITEM('density measure',
POSITIVE_RATIO_MEASURE(7850.),#2217);
#2219=PROPERTY_DEFINITION_REPRESENTATION(#2224,#2221);
#2220=PROPERTY_DEFINITION_REPRESENTATION(#2225,#2222);
#2221=REPRESENTATION('material name',(#2223),#3658);
#2222=REPRESENTATION('density',(#2218),#3658);
#2223=DESCRIPTIVE_REPRESENTATION_ITEM('Steel','Steel');
#2224=PROPERTY_DEFINITION('material property','material name',#3668);
#2225=PROPERTY_DEFINITION('material property','density of part',#3668);
#2226=AXIS2_PLACEMENT_3D('',#2906,#2361,#2362);
#2227=AXIS2_PLACEMENT_3D('',#2907,#2363,#2364);
#2228=AXIS2_PLACEMENT_3D('',#2917,#2369,#2370);
#2229=AXIS2_PLACEMENT_3D('',#2918,#2371,#2372);
#2230=AXIS2_PLACEMENT_3D('',#2920,#2373,#2374);
#2231=AXIS2_PLACEMENT_3D('',#2957,#2376,#2377);
#2232=AXIS2_PLACEMENT_3D('',#2959,#2378,#2379);
#2233=AXIS2_PLACEMENT_3D('',#2961,#2381,#2382);
#2234=AXIS2_PLACEMENT_3D('',#2966,#2384,#2385);
#2235=AXIS2_PLACEMENT_3D('',#2969,#2387,#2388);
#2236=AXIS2_PLACEMENT_3D('',#2970,#2389,#2390);
#2237=AXIS2_PLACEMENT_3D('',#2975,#2393,#2394);
#2238=AXIS2_PLACEMENT_3D('',#2976,#2395,#2396);
#2239=AXIS2_PLACEMENT_3D('',#2980,#2398,#2399);
#2240=AXIS2_PLACEMENT_3D('',#2982,#2401,#2402);
#2241=AXIS2_PLACEMENT_3D('',#2988,#2406,#2407);
#2242=AXIS2_PLACEMENT_3D('',#2992,#2410,#2411);
#2243=AXIS2_PLACEMENT_3D('',#2996,#2414,#2415);
#2244=AXIS2_PLACEMENT_3D('',#3005,#2420,#2421);
#2245=AXIS2_PLACEMENT_3D('',#3008,#2423,#2424);
#2246=AXIS2_PLACEMENT_3D('',#3009,#2425,#2426);
#2247=AXIS2_PLACEMENT_3D('',#3016,#2431,#2432);
#2248=AXIS2_PLACEMENT_3D('',#3020,#2436,#2437);
#2249=AXIS2_PLACEMENT_3D('',#3022,#2438,#2439);
#2250=AXIS2_PLACEMENT_3D('',#3024,#2441,#2442);
#2251=AXIS2_PLACEMENT_3D('',#3025,#2443,#2444);
#2252=AXIS2_PLACEMENT_3D('',#3027,#2446,#2447);
#2253=AXIS2_PLACEMENT_3D('',#3029,#2449,#2450);
#2254=AXIS2_PLACEMENT_3D('',#3030,#2451,#2452);
#2255=AXIS2_PLACEMENT_3D('',#3039,#2457,#2458);
#2256=AXIS2_PLACEMENT_3D('',#3045,#2462,#2463);
#2257=AXIS2_PLACEMENT_3D('',#3051,#2467,#2468);
#2258=AXIS2_PLACEMENT_3D('',#3057,#2472,#2473);
#2259=AXIS2_PLACEMENT_3D('',#3060,#2476,#2477);
#2260=AXIS2_PLACEMENT_3D('',#3069,#2482,#2483);
#2261=AXIS2_PLACEMENT_3D('',#3075,#2487,#2488);
#2262=AXIS2_PLACEMENT_3D('',#3081,#2492,#2493);
#2263=AXIS2_PLACEMENT_3D('',#3084,#2496,#2497);
#2264=AXIS2_PLACEMENT_3D('',#3093,#2502,#2503);
#2265=AXIS2_PLACEMENT_3D('',#3099,#2507,#2508);
#2266=AXIS2_PLACEMENT_3D('',#3105,#2512,#2513);
#2267=AXIS2_PLACEMENT_3D('',#3108,#2516,#2517);
#2268=AXIS2_PLACEMENT_3D('',#3117,#2522,#2523);
#2269=AXIS2_PLACEMENT_3D('',#3123,#2527,#2528);
#2270=AXIS2_PLACEMENT_3D('',#3129,#2532,#2533);
#2271=AXIS2_PLACEMENT_3D('',#3135,#2537,#2538);
#2272=AXIS2_PLACEMENT_3D('',#3141,#2542,#2543);
#2273=AXIS2_PLACEMENT_3D('',#3147,#2547,#2548);
#2274=AXIS2_PLACEMENT_3D('',#3153,#2552,#2553);
#2275=AXIS2_PLACEMENT_3D('',#3159,#2557,#2558);
#2276=AXIS2_PLACEMENT_3D('',#3165,#2562,#2563);
#2277=AXIS2_PLACEMENT_3D('',#3168,#2566,#2567);
#2278=AXIS2_PLACEMENT_3D('',#3169,#2568,#2569);
#2279=AXIS2_PLACEMENT_3D('',#3170,#2570,#2571);
#2280=AXIS2_PLACEMENT_3D('',#3172,#2572,#2573);
#2281=AXIS2_PLACEMENT_3D('',#3175,#2575,#2576);
#2282=AXIS2_PLACEMENT_3D('',#3211,#2577,#2578);
#2283=AXIS2_PLACEMENT_3D('',#3213,#2579,#2580);
#2284=AXIS2_PLACEMENT_3D('',#3216,#2582,#2583);
#2285=AXIS2_PLACEMENT_3D('',#3255,#2584,#2585);
#2286=AXIS2_PLACEMENT_3D('',#3264,#2590,#2591);
#2287=AXIS2_PLACEMENT_3D('',#3270,#2595,#2596);
#2288=AXIS2_PLACEMENT_3D('',#3276,#2600,#2601);
#2289=AXIS2_PLACEMENT_3D('',#3282,#2605,#2606);
#2290=AXIS2_PLACEMENT_3D('',#3288,#2610,#2611);
#2291=AXIS2_PLACEMENT_3D('',#3291,#2614,#2615);
#2292=AXIS2_PLACEMENT_3D('',#3293,#2616,#2617);
#2293=AXIS2_PLACEMENT_3D('',#3294,#2618,#2619);
#2294=AXIS2_PLACEMENT_3D('',#3303,#2624,#2625);
#2295=AXIS2_PLACEMENT_3D('',#3312,#2630,#2631);
#2296=AXIS2_PLACEMENT_3D('',#3318,#2635,#2636);
#2297=AXIS2_PLACEMENT_3D('',#3324,#2640,#2641);
#2298=AXIS2_PLACEMENT_3D('',#3330,#2645,#2646);
#2299=AXIS2_PLACEMENT_3D('',#3336,#2650,#2651);
#2300=AXIS2_PLACEMENT_3D('',#3339,#2654,#2655);
#2301=AXIS2_PLACEMENT_3D('',#3341,#2656,#2657);
#2302=AXIS2_PLACEMENT_3D('',#3342,#2658,#2659);
#2303=AXIS2_PLACEMENT_3D('',#3351,#2664,#2665);
#2304=AXIS2_PLACEMENT_3D('',#3353,#2667,#2668);
#2305=AXIS2_PLACEMENT_3D('',#3362,#2673,#2674);
#2306=AXIS2_PLACEMENT_3D('',#3366,#2677,#2678);
#2307=AXIS2_PLACEMENT_3D('',#3375,#2683,#2684);
#2308=AXIS2_PLACEMENT_3D('',#3383,#2689,#2690);
#2309=AXIS2_PLACEMENT_3D('',#3387,#2693,#2694);
#2310=AXIS2_PLACEMENT_3D('',#3391,#2698,#2699);
#2311=AXIS2_PLACEMENT_3D('',#3397,#2703,#2704);
#2312=AXIS2_PLACEMENT_3D('',#3406,#2709,#2710);
#2313=AXIS2_PLACEMENT_3D('',#3414,#2715,#2716);
#2314=AXIS2_PLACEMENT_3D('',#3418,#2719,#2720);
#2315=AXIS2_PLACEMENT_3D('',#3424,#2724,#2725);
#2316=AXIS2_PLACEMENT_3D('',#3433,#2730,#2731);
#2317=AXIS2_PLACEMENT_3D('',#3437,#2734,#2735);
#2318=AXIS2_PLACEMENT_3D('',#3439,#2737,#2738);
#2319=AXIS2_PLACEMENT_3D('',#3443,#2742,#2743);
#2320=AXIS2_PLACEMENT_3D('',#3445,#2745,#2746);
#2321=AXIS2_PLACEMENT_3D('',#3447,#2748,#2749);
#2322=AXIS2_PLACEMENT_3D('',#3450,#2752,#2753);
#2323=AXIS2_PLACEMENT_3D('',#3452,#2755,#2756);
#2324=AXIS2_PLACEMENT_3D('',#3455,#2759,#2760);
#2325=AXIS2_PLACEMENT_3D('',#3457,#2762,#2763);
#2326=AXIS2_PLACEMENT_3D('',#3458,#2764,#2765);
#2327=AXIS2_PLACEMENT_3D('',#3459,#2766,#2767);
#2328=AXIS2_PLACEMENT_3D('',#3461,#2768,#2769);
#2329=AXIS2_PLACEMENT_3D('',#3485,#2772,#2773);
#2330=AXIS2_PLACEMENT_3D('',#3507,#2774,#2775);
#2331=AXIS2_PLACEMENT_3D('',#3516,#2780,#2781);
#2332=AXIS2_PLACEMENT_3D('',#3522,#2785,#2786);
#2333=AXIS2_PLACEMENT_3D('',#3528,#2790,#2791);
#2334=AXIS2_PLACEMENT_3D('',#3534,#2795,#2796);
#2335=AXIS2_PLACEMENT_3D('',#3540,#2800,#2801);
#2336=AXIS2_PLACEMENT_3D('',#3543,#2804,#2805);
#2337=AXIS2_PLACEMENT_3D('',#3545,#2806,#2807);
#2338=AXIS2_PLACEMENT_3D('',#3546,#2808,#2809);
#2339=AXIS2_PLACEMENT_3D('',#3555,#2814,#2815);
#2340=AXIS2_PLACEMENT_3D('',#3564,#2820,#2821);
#2341=AXIS2_PLACEMENT_3D('',#3576,#2828,#2829);
#2342=AXIS2_PLACEMENT_3D('',#3578,#2831,#2832);
#2343=AXIS2_PLACEMENT_3D('',#3581,#2833,#2834);
#2344=AXIS2_PLACEMENT_3D('',#3596,#2843,#2844);
#2345=AXIS2_PLACEMENT_3D('',#3600,#2846,#2847);
#2346=AXIS2_PLACEMENT_3D('',#3602,#2849,#2850);
#2347=AXIS2_PLACEMENT_3D('',#3608,#2854,#2855);
#2348=AXIS2_PLACEMENT_3D('',#3610,#2857,#2858);
#2349=AXIS2_PLACEMENT_3D('',#3614,#2861,#2862);
#2350=AXIS2_PLACEMENT_3D('',#3618,#2865,#2866);
#2351=AXIS2_PLACEMENT_3D('',#3622,#2869,#2870);
#2352=AXIS2_PLACEMENT_3D('',#3626,#2873,#2874);
#2353=AXIS2_PLACEMENT_3D('',#3632,#2878,#2879);
#2354=AXIS2_PLACEMENT_3D('',#3641,#2884,#2885);
#2355=AXIS2_PLACEMENT_3D('',#3644,#2888,#2889);
#2356=AXIS2_PLACEMENT_3D('',#3646,#2891,#2892);
#2357=AXIS2_PLACEMENT_3D('',#3648,#2894,#2895);
#2358=AXIS2_PLACEMENT_3D('',#3651,#2898,#2899);
#2359=AXIS2_PLACEMENT_3D('',#3654,#2902,#2903);
#2360=AXIS2_PLACEMENT_3D('',#3655,#2904,#2905);
#2361=DIRECTION('axis',(0.,0.,1.));
#2362=DIRECTION('refdir',(1.,0.,0.));
#2363=DIRECTION('center_axis',(0.,0.,1.));
#2364=DIRECTION('ref_axis',(1.,0.,0.));
#2365=DIRECTION('',(1.,0.,0.));
#2366=DIRECTION('',(0.,1.,0.));
#2367=DIRECTION('',(-1.,0.,0.));
#2368=DIRECTION('',(0.,-1.,0.));
#2369=DIRECTION('center_axis',(0.,0.,-1.));
#2370=DIRECTION('ref_axis',(1.,0.,0.));
#2371=DIRECTION('center_axis',(0.,0.,1.));
#2372=DIRECTION('ref_axis',(1.,0.,0.));
#2373=DIRECTION('center_axis',(0.,0.,1.));
#2374=DIRECTION('ref_axis',(1.,0.,0.));
#2375=DIRECTION('',(0.,0.,1.));
#2376=DIRECTION('center_axis',(0.,1.,0.));
#2377=DIRECTION('ref_axis',(1.,0.,0.));
#2378=DIRECTION('center_axis',(0.,1.,0.));
#2379=DIRECTION('ref_axis',(1.,0.,0.));
#2380=DIRECTION('',(0.,1.,0.));
#2381=DIRECTION('center_axis',(0.967029040158271,0.254666125526292,0.));
#2382=DIRECTION('ref_axis',(0.180076144298146,-0.683792791900234,0.707106781186545));
#2383=DIRECTION('',(0.967029040158271,0.254666125526292,0.));
#2384=DIRECTION('center_axis',(0.,-1.,0.));
#2385=DIRECTION('ref_axis',(1.,2.08254876651586E-17,0.));
#2386=DIRECTION('',(-0.967029040158271,-0.254666125526292,0.));
#2387=DIRECTION('center_axis',(0.991723005722435,0.128395794015457,0.));
#2388=DIRECTION('ref_axis',(0.128395794015457,-0.991723005722435,0.));
#2389=DIRECTION('center_axis',(1.,0.,0.));
#2390=DIRECTION('ref_axis',(0.,-0.707106781186545,0.70710678118655));
#2391=DIRECTION('',(1.,0.,0.));
#2392=DIRECTION('',(-1.,0.,0.));
#2393=DIRECTION('center_axis',(0.991765097869107,-0.128070256690152,0.));
#2394=DIRECTION('ref_axis',(-0.128070256690152,-0.991765097869107,0.));
#2395=DIRECTION('center_axis',(0.967196018702634,-0.254031221320871,0.));
#2396=DIRECTION('ref_axis',(-0.179627199229087,-0.683910863561263,0.707106781186549));
#2397=DIRECTION('',(-0.967196018702634,0.254031221320871,0.));
#2398=DIRECTION('center_axis',(0.,-1.,0.));
#2399=DIRECTION('ref_axis',(-1.,0.,-5.875652310085E-17));
#2400=DIRECTION('',(0.967196018702634,-0.254031221320871,0.));
#2401=DIRECTION('center_axis',(0.254666125526292,-0.967029040158271,0.));
#2402=DIRECTION('ref_axis',(0.967029040158271,0.254666125526292,0.));
#2403=DIRECTION('',(0.,0.,1.));
#2404=DIRECTION('',(-0.967029040158271,-0.254666125526292,0.));
#2405=DIRECTION('',(0.,0.,1.));
#2406=DIRECTION('center_axis',(0.,-1.,0.));
#2407=DIRECTION('ref_axis',(1.,0.,0.));
#2408=DIRECTION('',(0.,0.,-1.));
#2409=DIRECTION('',(-1.,0.,0.));
#2410=DIRECTION('center_axis',(-0.254031221320871,-0.967196018702634,0.));
#2411=DIRECTION('ref_axis',(0.967196018702634,-0.254031221320871,0.));
#2412=DIRECTION('',(0.,0.,-1.));
#2413=DIRECTION('',(-0.967196018702634,0.254031221320871,0.));
#2414=DIRECTION('center_axis',(0.,0.,1.));
#2415=DIRECTION('ref_axis',(1.,0.,0.));
#2416=DIRECTION('',(-1.,0.,0.));
#2417=DIRECTION('',(0.,1.,0.));
#2418=DIRECTION('',(1.,0.,0.));
#2419=DIRECTION('',(0.,-1.,0.));
#2420=DIRECTION('center_axis',(0.,0.,1.));
#2421=DIRECTION('ref_axis',(1.,0.,0.));
#2422=DIRECTION('',(1.,0.,0.));
#2423=DIRECTION('center_axis',(0.,0.,1.));
#2424=DIRECTION('ref_axis',(1.,0.,0.));
#2425=DIRECTION('center_axis',(0.,1.,0.));
#2426=DIRECTION('ref_axis',(-1.,0.,0.));
#2427=DIRECTION('',(-1.,0.,0.));
#2428=DIRECTION('',(0.,0.,1.));
#2429=DIRECTION('',(0.,0.,1.));
#2430=DIRECTION('',(-1.,0.,0.));
#2431=DIRECTION('center_axis',(0.,-1.,0.));
#2432=DIRECTION('ref_axis',(1.,0.,0.));
#2433=DIRECTION('',(1.,0.,0.));
#2434=DIRECTION('',(0.,0.,1.));
#2435=DIRECTION('',(0.,0.,1.));
#2436=DIRECTION('center_axis',(0.,0.,1.));
#2437=DIRECTION('ref_axis',(1.,0.,0.));
#2438=DIRECTION('center_axis',(0.,0.,-1.));
#2439=DIRECTION('ref_axis',(1.,0.,0.));
#2440=DIRECTION('',(0.,0.,-1.));
#2441=DIRECTION('center_axis',(0.,0.,1.));
#2442=DIRECTION('ref_axis',(1.,0.,0.));
#2443=DIRECTION('center_axis',(-1.,0.,0.));
#2444=DIRECTION('ref_axis',(0.,-1.,0.));
#2445=DIRECTION('',(0.,0.,1.));
#2446=DIRECTION('center_axis',(0.,1.,0.));
#2447=DIRECTION('ref_axis',(-1.,0.,0.));
#2448=DIRECTION('',(0.,0.,1.));
#2449=DIRECTION('center_axis',(1.,0.,0.));
#2450=DIRECTION('ref_axis',(0.,1.,0.));
#2451=DIRECTION('center_axis',(-0.478776376038402,0.877936889387577,0.));
#2452=DIRECTION('ref_axis',(-0.877936889387577,-0.478776376038402,0.));
#2453=DIRECTION('',(-0.877936889387577,-0.478776376038402,0.));
#2454=DIRECTION('',(0.,0.,1.));
#2455=DIRECTION('',(-0.877936889387577,-0.478776376038402,0.));
#2456=DIRECTION('',(0.,0.,1.));
#2457=DIRECTION('center_axis',(-1.,0.,0.));
#2458=DIRECTION('ref_axis',(0.,-1.,0.));
#2459=DIRECTION('',(0.,-1.,0.));
#2460=DIRECTION('',(0.,-1.,0.));
#2461=DIRECTION('',(0.,0.,1.));
#2462=DIRECTION('center_axis',(0.,-1.,0.));
#2463=DIRECTION('ref_axis',(1.,0.,0.));
#2464=DIRECTION('',(1.,0.,0.));
#2465=DIRECTION('',(1.,0.,0.));
#2466=DIRECTION('',(0.,0.,1.));
#2467=DIRECTION('center_axis',(0.493067705171396,0.869990941399399,0.));
#2468=DIRECTION('ref_axis',(-0.869990941399399,0.493067705171396,0.));
#2469=DIRECTION('',(-0.869990941399399,0.493067705171396,0.));
#2470=DIRECTION('',(-0.869990941399399,0.493067705171396,0.));
#2471=DIRECTION('',(0.,0.,1.));
#2472=DIRECTION('center_axis',(0.,1.,0.));
#2473=DIRECTION('ref_axis',(-1.,0.,0.));
#2474=DIRECTION('',(-1.,0.,0.));
#2475=DIRECTION('',(-1.,0.,0.));
#2476=DIRECTION('center_axis',(1.,0.,0.));
#2477=DIRECTION('ref_axis',(0.,1.,0.));
#2478=DIRECTION('',(0.,1.,0.));
#2479=DIRECTION('',(0.,0.,1.));
#2480=DIRECTION('',(0.,1.,0.));
#2481=DIRECTION('',(0.,0.,1.));
#2482=DIRECTION('center_axis',(-0.687636224913979,0.726055385067869,0.));
#2483=DIRECTION('ref_axis',(-0.726055385067869,-0.687636224913979,0.));
#2484=DIRECTION('',(-0.726055385067869,-0.687636224913979,0.));
#2485=DIRECTION('',(-0.726055385067869,-0.687636224913979,0.));
#2486=DIRECTION('',(0.,0.,1.));
#2487=DIRECTION('center_axis',(-1.,0.,0.));
#2488=DIRECTION('ref_axis',(0.,-1.,0.));
#2489=DIRECTION('',(0.,-1.,0.));
#2490=DIRECTION('',(0.,-1.,0.));
#2491=DIRECTION('',(0.,0.,1.));
#2492=DIRECTION('center_axis',(-0.493067705171396,-0.869990941399399,0.));
#2493=DIRECTION('ref_axis',(0.869990941399399,-0.493067705171396,0.));
#2494=DIRECTION('',(0.869990941399399,-0.493067705171396,0.));
#2495=DIRECTION('',(0.869990941399399,-0.493067705171396,0.));
#2496=DIRECTION('center_axis',(0.458653145285213,-0.888615379295216,0.));
#2497=DIRECTION('ref_axis',(0.888615379295216,0.458653145285213,0.));
#2498=DIRECTION('',(0.888615379295216,0.458653145285213,0.));
#2499=DIRECTION('',(0.,0.,1.));
#2500=DIRECTION('',(0.888615379295216,0.458653145285213,0.));
#2501=DIRECTION('',(0.,0.,1.));
#2502=DIRECTION('center_axis',(1.,0.,0.));
#2503=DIRECTION('ref_axis',(0.,1.,0.));
#2504=DIRECTION('',(0.,1.,0.));
#2505=DIRECTION('',(0.,1.,0.));
#2506=DIRECTION('',(0.,0.,1.));
#2507=DIRECTION('center_axis',(0.69287963387304,0.721053266384642,0.));
#2508=DIRECTION('ref_axis',(-0.721053266384642,0.69287963387304,0.));
#2509=DIRECTION('',(-0.721053266384642,0.69287963387304,0.));
#2510=DIRECTION('',(-0.721053266384642,0.69287963387304,0.));
#2511=DIRECTION('',(0.,0.,1.));
#2512=DIRECTION('center_axis',(-1.,0.,0.));
#2513=DIRECTION('ref_axis',(0.,-1.,0.));
#2514=DIRECTION('',(0.,-1.,0.));
#2515=DIRECTION('',(0.,-1.,0.));
#2516=DIRECTION('center_axis',(-1.,0.,0.));
#2517=DIRECTION('ref_axis',(0.,-1.,0.));
#2518=DIRECTION('',(0.,1.,0.));
#2519=DIRECTION('',(0.,0.,1.));
#2520=DIRECTION('',(0.,-1.,0.));
#2521=DIRECTION('',(0.,0.,1.));
#2522=DIRECTION('center_axis',(0.,1.,0.));
#2523=DIRECTION('ref_axis',(-1.,0.,0.));
#2524=DIRECTION('',(1.,0.,0.));
#2525=DIRECTION('',(-1.,0.,0.));
#2526=DIRECTION('',(0.,0.,1.));
#2527=DIRECTION('center_axis',(1.,0.,0.));
#2528=DIRECTION('ref_axis',(0.,1.,0.));
#2529=DIRECTION('',(0.,-1.,0.));
#2530=DIRECTION('',(0.,1.,0.));
#2531=DIRECTION('',(0.,0.,1.));
#2532=DIRECTION('center_axis',(0.,-1.,0.));
#2533=DIRECTION('ref_axis',(1.,0.,0.));
#2534=DIRECTION('',(-1.,0.,0.));
#2535=DIRECTION('',(1.,0.,0.));
#2536=DIRECTION('',(0.,0.,1.));
#2537=DIRECTION('center_axis',(-0.69287963387304,-0.721053266384642,0.));
#2538=DIRECTION('ref_axis',(0.721053266384642,-0.69287963387304,0.));
#2539=DIRECTION('',(-0.721053266384642,0.69287963387304,0.));
#2540=DIRECTION('',(0.721053266384642,-0.69287963387304,0.));
#2541=DIRECTION('',(0.,0.,1.));
#2542=DIRECTION('center_axis',(-1.,-5.55111499129388E-17,0.));
#2543=DIRECTION('ref_axis',(5.55111499129388E-17,-1.,0.));
#2544=DIRECTION('',(5.55111499129388E-17,-1.,0.));
#2545=DIRECTION('',(5.55111499129388E-17,-1.,0.));
#2546=DIRECTION('',(0.,0.,1.));
#2547=DIRECTION('center_axis',(0.,-1.,0.));
#2548=DIRECTION('ref_axis',(1.,0.,0.));
#2549=DIRECTION('',(1.,0.,0.));
#2550=DIRECTION('',(1.,0.,0.));
#2551=DIRECTION('',(0.,0.,1.));
#2552=DIRECTION('center_axis',(1.,0.,0.));
#2553=DIRECTION('ref_axis',(0.,1.,0.));
#2554=DIRECTION('',(0.,1.,0.));
#2555=DIRECTION('',(0.,1.,0.));
#2556=DIRECTION('',(0.,0.,1.));
#2557=DIRECTION('center_axis',(0.687636224913979,-0.726055385067869,0.));
#2558=DIRECTION('ref_axis',(0.726055385067869,0.687636224913979,0.));
#2559=DIRECTION('',(0.726055385067869,0.687636224913979,0.));
#2560=DIRECTION('',(0.726055385067869,0.687636224913979,0.));
#2561=DIRECTION('',(0.,0.,1.));
#2562=DIRECTION('center_axis',(0.,-1.,0.));
#2563=DIRECTION('ref_axis',(1.,0.,0.));
#2564=DIRECTION('',(-1.,0.,0.));
#2565=DIRECTION('',(1.,0.,0.));
#2566=DIRECTION('center_axis',(0.,0.,1.));
#2567=DIRECTION('ref_axis',(1.,0.,0.));
#2568=DIRECTION('center_axis',(0.,0.,1.));
#2569=DIRECTION('ref_axis',(1.,0.,0.));
#2570=DIRECTION('center_axis',(0.,0.,1.));
#2571=DIRECTION('ref_axis',(1.,0.,0.));
#2572=DIRECTION('center_axis',(0.,0.,1.));
#2573=DIRECTION('ref_axis',(1.,0.,0.));
#2574=DIRECTION('',(0.,0.,1.));
#2575=DIRECTION('center_axis',(0.,0.,-1.));
#2576=DIRECTION('ref_axis',(1.,0.,0.));
#2577=DIRECTION('center_axis',(-1.,0.,0.));
#2578=DIRECTION('ref_axis',(0.,1.,0.));
#2579=DIRECTION('center_axis',(-1.,0.,0.));
#2580=DIRECTION('ref_axis',(0.,1.,0.));
#2581=DIRECTION('',(-1.,0.,0.));
#2582=DIRECTION('center_axis',(1.,0.,0.));
#2583=DIRECTION('ref_axis',(0.,1.,0.));
#2584=DIRECTION('center_axis',(-0.447213590835156,0.,-0.894427193332317));
#2585=DIRECTION('ref_axis',(-0.894427193332317,0.,0.447213590835156));
#2586=DIRECTION('',(-0.894427193332317,0.,0.447213590835156));
#2587=DIRECTION('',(0.,1.,0.));
#2588=DIRECTION('',(-0.894427193332317,0.,0.447213590835156));
#2589=DIRECTION('',(0.,1.,0.));
#2590=DIRECTION('center_axis',(0.447213589502357,0.,-0.894427193998717));
#2591=DIRECTION('ref_axis',(-0.894427193998716,0.,-0.447213589502357));
#2592=DIRECTION('',(-0.894427193998716,0.,-0.447213589502357));
#2593=DIRECTION('',(0.,1.,0.));
#2594=DIRECTION('',(-0.894427193998716,0.,-0.447213589502357));
#2595=DIRECTION('center_axis',(1.,0.,0.));
#2596=DIRECTION('ref_axis',(0.,0.,-1.));
#2597=DIRECTION('',(0.,0.,-1.));
#2598=DIRECTION('',(0.,1.,0.));
#2599=DIRECTION('',(0.,0.,-1.));
#2600=DIRECTION('center_axis',(0.447213589502357,0.,0.894427193998717));
#2601=DIRECTION('ref_axis',(0.894427193998716,0.,-0.447213589502357));
#2602=DIRECTION('',(0.894427193998716,0.,-0.447213589502357));
#2603=DIRECTION('',(0.,1.,0.));
#2604=DIRECTION('',(0.894427193998716,0.,-0.447213589502357));
#2605=DIRECTION('center_axis',(-0.447213590835156,0.,0.894427193332317));
#2606=DIRECTION('ref_axis',(0.894427193332317,0.,0.447213590835156));
#2607=DIRECTION('',(0.894427193332317,0.,0.447213590835156));
#2608=DIRECTION('',(0.,1.,0.));
#2609=DIRECTION('',(0.894427193332317,0.,0.447213590835156));
#2610=DIRECTION('center_axis',(-1.,0.,0.));
#2611=DIRECTION('ref_axis',(0.,0.,1.));
#2612=DIRECTION('',(0.,0.,1.));
#2613=DIRECTION('',(0.,0.,1.));
#2614=DIRECTION('center_axis',(0.,1.,0.));
#2615=DIRECTION('ref_axis',(0.,0.,1.));
#2616=DIRECTION('center_axis',(0.,-1.,0.));
#2617=DIRECTION('ref_axis',(1.,0.,0.));
#2618=DIRECTION('center_axis',(0.,-1.,0.));
#2619=DIRECTION('ref_axis',(1.,0.,0.));
#2620=DIRECTION('',(0.,0.,-1.));
#2621=DIRECTION('',(1.,0.,0.));
#2622=DIRECTION('',(0.,0.,1.));
#2623=DIRECTION('',(-1.,0.,0.));
#2624=DIRECTION('center_axis',(0.447213590835156,0.,-0.894427193332317));
#2625=DIRECTION('ref_axis',(0.894427193332317,0.,0.447213590835156));
#2626=DIRECTION('',(0.894427193332317,0.,0.447213590835156));
#2627=DIRECTION('',(0.,-1.,0.));
#2628=DIRECTION('',(0.894427193332317,0.,0.447213590835156));
#2629=DIRECTION('',(0.,-1.,0.));
#2630=DIRECTION('center_axis',(-0.447213589502357,0.,-0.894427193998716));
#2631=DIRECTION('ref_axis',(0.894427193998716,0.,-0.447213589502357));
#2632=DIRECTION('',(0.894427193998716,0.,-0.447213589502357));
#2633=DIRECTION('',(0.,-1.,0.));
#2634=DIRECTION('',(0.894427193998716,0.,-0.447213589502357));
#2635=DIRECTION('center_axis',(-1.,0.,0.));
#2636=DIRECTION('ref_axis',(0.,0.,-1.));
#2637=DIRECTION('',(0.,0.,-1.));
#2638=DIRECTION('',(0.,-1.,0.));
#2639=DIRECTION('',(0.,0.,-1.));
#2640=DIRECTION('center_axis',(-0.447213589502357,0.,0.894427193998716));
#2641=DIRECTION('ref_axis',(-0.894427193998716,0.,-0.447213589502357));
#2642=DIRECTION('',(-0.894427193998716,0.,-0.447213589502357));
#2643=DIRECTION('',(0.,-1.,0.));
#2644=DIRECTION('',(-0.894427193998716,0.,-0.447213589502357));
#2645=DIRECTION('center_axis',(0.447213590835156,0.,0.894427193332317));
#2646=DIRECTION('ref_axis',(-0.894427193332317,0.,0.447213590835156));
#2647=DIRECTION('',(-0.894427193332317,0.,0.447213590835156));
#2648=DIRECTION('',(0.,-1.,0.));
#2649=DIRECTION('',(-0.894427193332317,0.,0.447213590835156));
#2650=DIRECTION('center_axis',(1.,0.,0.));
#2651=DIRECTION('ref_axis',(0.,0.,1.));
#2652=DIRECTION('',(0.,0.,1.));
#2653=DIRECTION('',(0.,0.,1.));
#2654=DIRECTION('center_axis',(0.,1.,0.));
#2655=DIRECTION('ref_axis',(-1.,0.,0.));
#2656=DIRECTION('center_axis',(0.,1.,0.));
#2657=DIRECTION('ref_axis',(-1.,0.,0.));
#2658=DIRECTION('center_axis',(0.,1.,0.));
#2659=DIRECTION('ref_axis',(-1.,0.,0.));
#2660=DIRECTION('',(1.,0.,0.));
#2661=DIRECTION('',(0.,0.,-1.));
#2662=DIRECTION('',(-1.,0.,0.));
#2663=DIRECTION('',(0.,0.,1.));
#2664=DIRECTION('center_axis',(0.,1.,0.));
#2665=DIRECTION('ref_axis',(1.,0.,0.));
#2666=DIRECTION('',(0.,1.,0.));
#2667=DIRECTION('center_axis',(0.,-0.242535625036333,-0.970142500145332));
#2668=DIRECTION('ref_axis',(0.,-0.970142500145332,0.242535625036333));
#2669=DIRECTION('',(0.,-0.970142500145332,0.242535625036333));
#2670=DIRECTION('',(1.,0.,0.));
#2671=DIRECTION('',(0.,-0.970142500145332,0.242535625036333));
#2672=DIRECTION('',(-1.,0.,0.));
#2673=DIRECTION('center_axis',(-1.,0.,0.));
#2674=DIRECTION('ref_axis',(0.,0.,1.));
#2675=DIRECTION('',(0.,-1.,0.));
#2676=DIRECTION('',(0.,0.,1.));
#2677=DIRECTION('center_axis',(0.,1.,0.));
#2678=DIRECTION('ref_axis',(0.,0.,1.));
#2679=DIRECTION('',(0.,0.,1.));
#2680=DIRECTION('',(1.,0.,0.));
#2681=DIRECTION('',(0.,0.,1.));
#2682=DIRECTION('',(-1.,0.,0.));
#2683=DIRECTION('center_axis',(0.,-0.242535625036333,-0.970142500145332));
#2684=DIRECTION('ref_axis',(0.,0.970142500145332,-0.242535625036333));
#2685=DIRECTION('',(0.,-0.970142500145332,0.242535625036333));
#2686=DIRECTION('',(-1.,0.,0.));
#2687=DIRECTION('',(0.,0.970142500145332,-0.242535625036333));
#2688=DIRECTION('',(1.,0.,0.));
#2689=DIRECTION('center_axis',(1.,0.,0.));
#2690=DIRECTION('ref_axis',(0.,0.,-1.));
#2691=DIRECTION('',(0.,1.,0.));
#2692=DIRECTION('',(0.,0.,-1.));
#2693=DIRECTION('center_axis',(0.,0.,1.));
#2694=DIRECTION('ref_axis',(1.,0.,0.));
#2695=DIRECTION('',(0.,-1.,0.));
#2696=DIRECTION('',(0.,1.,0.));
#2697=DIRECTION('',(1.,0.,0.));
#2698=DIRECTION('center_axis',(0.,0.,1.));
#2699=DIRECTION('ref_axis',(1.,0.,0.));
#2700=DIRECTION('',(0.,1.,0.));
#2701=DIRECTION('',(1.,0.,0.));
#2702=DIRECTION('',(0.,-1.,0.));
#2703=DIRECTION('center_axis',(0.,1.,0.));
#2704=DIRECTION('ref_axis',(0.,0.,1.));
#2705=DIRECTION('',(0.,0.,1.));
#2706=DIRECTION('',(1.,0.,0.));
#2707=DIRECTION('',(0.,0.,-1.));
#2708=DIRECTION('',(1.,0.,0.));
#2709=DIRECTION('center_axis',(0.,-0.242535625036333,0.970142500145332));
#2710=DIRECTION('ref_axis',(0.,-0.970142500145332,-0.242535625036333));
#2711=DIRECTION('',(0.,-0.970142500145332,-0.242535625036333));
#2712=DIRECTION('',(-1.,0.,0.));
#2713=DIRECTION('',(0.,-0.970142500145332,-0.242535625036333));
#2714=DIRECTION('',(-1.,0.,0.));
#2715=DIRECTION('center_axis',(1.,0.,0.));
#2716=DIRECTION('ref_axis',(0.,0.,-1.));
#2717=DIRECTION('',(0.,-1.,0.));
#2718=DIRECTION('',(0.,0.,-1.));
#2719=DIRECTION('center_axis',(0.,0.,1.));
#2720=DIRECTION('ref_axis',(1.,0.,0.));
#2721=DIRECTION('',(0.,1.,0.));
#2722=DIRECTION('',(-1.,0.,0.));
#2723=DIRECTION('',(0.,-1.,0.));
#2724=DIRECTION('center_axis',(0.,-0.242535625036333,0.970142500145332));
#2725=DIRECTION('ref_axis',(0.,0.970142500145332,0.242535625036333));
#2726=DIRECTION('',(0.,-0.970142500145332,-0.242535625036333));
#2727=DIRECTION('',(-1.,0.,0.));
#2728=DIRECTION('',(0.,0.970142500145332,0.242535625036333));
#2729=DIRECTION('',(-1.,0.,0.));
#2730=DIRECTION('center_axis',(-1.,0.,0.));
#2731=DIRECTION('ref_axis',(0.,0.,1.));
#2732=DIRECTION('',(0.,1.,0.));
#2733=DIRECTION('',(0.,0.,1.));
#2734=DIRECTION('center_axis',(0.,-1.,0.));
#2735=DIRECTION('ref_axis',(-1.,0.,0.));
#2736=DIRECTION('',(0.,-1.,0.));
#2737=DIRECTION('center_axis',(0.,0.,1.));
#2738=DIRECTION('ref_axis',(0.,1.,0.));
#2739=DIRECTION('',(0.,1.,0.));
#2740=DIRECTION('',(0.,1.,0.));
#2741=DIRECTION('',(-1.,0.,0.));
#2742=DIRECTION('center_axis',(0.,-1.,0.));
#2743=DIRECTION('ref_axis',(0.,0.,1.));
#2744=DIRECTION('',(-1.,0.,0.));
#2745=DIRECTION('center_axis',(0.,-1.,0.));
#2746=DIRECTION('ref_axis',(0.,0.,1.));
#2747=DIRECTION('',(-1.,0.,0.));
#2748=DIRECTION('center_axis',(0.,0.,-1.));
#2749=DIRECTION('ref_axis',(0.,-1.,0.));
#2750=DIRECTION('',(0.,-1.,0.));
#2751=DIRECTION('',(0.,1.,0.));
#2752=DIRECTION('center_axis',(-1.,0.,0.));
#2753=DIRECTION('ref_axis',(0.,0.,1.));
#2754=DIRECTION('',(0.,0.,-1.));
#2755=DIRECTION('center_axis',(0.,0.,1.));
#2756=DIRECTION('ref_axis',(1.,0.,0.));
#2757=DIRECTION('',(0.,-1.,0.));
#2758=DIRECTION('',(0.,-1.,0.));
#2759=DIRECTION('center_axis',(-1.,0.,0.));
#2760=DIRECTION('ref_axis',(0.,-1.,0.));
#2761=DIRECTION('',(0.,0.,1.));
#2762=DIRECTION('center_axis',(0.,1.,0.));
#2763=DIRECTION('ref_axis',(-1.,0.,0.));
#2764=DIRECTION('center_axis',(1.,0.,0.));
#2765=DIRECTION('ref_axis',(0.,1.,0.));
#2766=DIRECTION('center_axis',(0.,0.,1.));
#2767=DIRECTION('ref_axis',(1.,0.,0.));
#2768=DIRECTION('center_axis',(0.,0.,1.));
#2769=DIRECTION('ref_axis',(1.,0.,0.));
#2770=DIRECTION('',(0.,0.,1.));
#2771=DIRECTION('',(0.,0.,1.));
#2772=DIRECTION('center_axis',(0.,0.,-1.));
#2773=DIRECTION('ref_axis',(1.,0.,0.));
#2774=DIRECTION('center_axis',(0.,0.447213590835156,-0.894427193332317));
#2775=DIRECTION('ref_axis',(0.,0.894427193332317,0.447213590835156));
#2776=DIRECTION('',(0.,0.894427193332317,0.447213590835156));
#2777=DIRECTION('',(1.,0.,0.));
#2778=DIRECTION('',(0.,0.894427193332317,0.447213590835156));
#2779=DIRECTION('',(1.,0.,0.));
#2780=DIRECTION('center_axis',(0.,-0.447213589502357,-0.894427193998716));
#2781=DIRECTION('ref_axis',(0.,0.894427193998716,-0.447213589502357));
#2782=DIRECTION('',(0.,0.894427193998716,-0.447213589502357));
#2783=DIRECTION('',(1.,0.,0.));
#2784=DIRECTION('',(0.,0.894427193998716,-0.447213589502357));
#2785=DIRECTION('center_axis',(0.,-1.,0.));
#2786=DIRECTION('ref_axis',(0.,0.,-1.));
#2787=DIRECTION('',(0.,0.,-1.));
#2788=DIRECTION('',(1.,0.,0.));
#2789=DIRECTION('',(0.,0.,-1.));
#2790=DIRECTION('center_axis',(0.,-0.447213589502357,0.894427193998716));
#2791=DIRECTION('ref_axis',(0.,-0.894427193998716,-0.447213589502357));
#2792=DIRECTION('',(0.,-0.894427193998716,-0.447213589502357));
#2793=DIRECTION('',(1.,0.,0.));
#2794=DIRECTION('',(0.,-0.894427193998716,-0.447213589502357));
#2795=DIRECTION('center_axis',(0.,0.447213590835156,0.894427193332317));
#2796=DIRECTION('ref_axis',(0.,-0.894427193332317,0.447213590835156));
#2797=DIRECTION('',(0.,-0.894427193332317,0.447213590835156));
#2798=DIRECTION('',(1.,0.,0.));
#2799=DIRECTION('',(0.,-0.894427193332317,0.447213590835156));
#2800=DIRECTION('center_axis',(0.,1.,0.));
#2801=DIRECTION('ref_axis',(0.,0.,1.));
#2802=DIRECTION('',(0.,0.,1.));
#2803=DIRECTION('',(0.,0.,1.));
#2804=DIRECTION('center_axis',(-1.,0.,0.));
#2805=DIRECTION('ref_axis',(0.,-1.,0.));
#2806=DIRECTION('center_axis',(-1.,0.,0.));
#2807=DIRECTION('ref_axis',(0.,-1.,0.));
#2808=DIRECTION('center_axis',(-1.,0.,0.));
#2809=DIRECTION('ref_axis',(0.,-1.,0.));
#2810=DIRECTION('',(0.,0.,-1.));
#2811=DIRECTION('',(0.,-1.,0.));
#2812=DIRECTION('',(0.,0.,1.));
#2813=DIRECTION('',(0.,1.,0.));
#2814=DIRECTION('center_axis',(0.384615390312688,-0.923076920703047,0.));
#2815=DIRECTION('ref_axis',(-0.923076920703047,-0.384615390312688,0.));
#2816=DIRECTION('',(-0.923076920703047,-0.384615390312688,0.));
#2817=DIRECTION('',(0.,0.,1.));
#2818=DIRECTION('',(-0.923076920703047,-0.384615390312688,0.));
#2819=DIRECTION('',(0.,0.,-1.));
#2820=DIRECTION('center_axis',(1.,0.,0.));
#2821=DIRECTION('ref_axis',(0.,1.,0.));
#2822=DIRECTION('',(0.,1.,0.));
#2823=DIRECTION('',(0.,0.,-1.));
#2824=DIRECTION('',(0.,-1.,0.));
#2825=DIRECTION('',(0.,0.,1.));
#2826=DIRECTION('',(0.,1.,0.));
#2827=DIRECTION('',(0.,0.,1.));
#2828=DIRECTION('center_axis',(1.,0.,0.));
#2829=DIRECTION('ref_axis',(0.,-1.,0.));
#2830=DIRECTION('',(1.,0.,0.));
#2831=DIRECTION('center_axis',(1.,0.,0.));
#2832=DIRECTION('ref_axis',(0.,1.,0.));
#2833=DIRECTION('center_axis',(-1.,0.,0.));
#2834=DIRECTION('ref_axis',(0.,1.,0.));
#2835=DIRECTION('',(0.,0.,1.));
#2836=DIRECTION('',(0.,1.,0.));
#2837=DIRECTION('',(0.,0.,1.));
#2838=DIRECTION('',(0.,-1.,0.));
#2839=DIRECTION('',(0.,1.,0.));
#2840=DIRECTION('',(0.,0.,1.));
#2841=DIRECTION('',(0.,-1.,0.));
#2842=DIRECTION('',(0.,0.,1.));
#2843=DIRECTION('center_axis',(-1.,0.,0.));
#2844=DIRECTION('ref_axis',(0.,-1.,-1.22464679914735E-16));
#2845=DIRECTION('',(1.,0.,0.));
#2846=DIRECTION('center_axis',(1.,0.,0.));
#2847=DIRECTION('ref_axis',(0.,1.,0.));
#2848=DIRECTION('',(-1.,0.,0.));
#2849=DIRECTION('center_axis',(0.,0.,1.));
#2850=DIRECTION('ref_axis',(-1.,0.,0.));
#2851=DIRECTION('',(-1.,0.,0.));
#2852=DIRECTION('',(0.,-1.,0.));
#2853=DIRECTION('',(-1.,0.,0.));
#2854=DIRECTION('center_axis',(0.,-1.,0.));
#2855=DIRECTION('ref_axis',(0.,0.,-1.));
#2856=DIRECTION('',(0.,0.,-1.));
#2857=DIRECTION('center_axis',(0.,-1.,0.));
#2858=DIRECTION('ref_axis',(0.,0.,-1.));
#2859=DIRECTION('',(1.,0.,0.));
#2860=DIRECTION('',(0.,0.,-1.));
#2861=DIRECTION('center_axis',(0.,0.,-1.));
#2862=DIRECTION('ref_axis',(1.,0.,0.));
#2863=DIRECTION('',(0.,1.,0.));
#2864=DIRECTION('',(1.,0.,0.));
#2865=DIRECTION('center_axis',(0.,1.,0.));
#2866=DIRECTION('ref_axis',(-1.,0.,0.));
#2867=DIRECTION('',(-1.,0.,0.));
#2868=DIRECTION('',(0.,0.,1.));
#2869=DIRECTION('center_axis',(0.,1.,0.));
#2870=DIRECTION('ref_axis',(-1.,0.,0.));
#2871=DIRECTION('',(0.,0.,1.));
#2872=DIRECTION('',(1.,0.,0.));
#2873=DIRECTION('center_axis',(1.,0.,0.));
#2874=DIRECTION('ref_axis',(0.,0.,1.));
#2875=DIRECTION('',(0.,1.,0.));
#2876=DIRECTION('',(0.,0.,1.));
#2877=DIRECTION('',(0.,-1.,0.));
#2878=DIRECTION('center_axis',(-1.,0.,0.));
#2879=DIRECTION('ref_axis',(0.,0.,-1.));
#2880=DIRECTION('',(0.,0.,-1.));
#2881=DIRECTION('',(0.,1.,0.));
#2882=DIRECTION('',(0.,0.,-1.));
#2883=DIRECTION('',(0.,-1.,0.));
#2884=DIRECTION('center_axis',(0.,-1.,0.));
#2885=DIRECTION('ref_axis',(0.,0.,-1.));
#2886=DIRECTION('',(1.,0.,0.));
#2887=DIRECTION('',(-1.,0.,0.));
#2888=DIRECTION('center_axis',(0.,0.,1.));
#2889=DIRECTION('ref_axis',(1.,0.,0.));
#2890=DIRECTION('',(-1.,0.,0.));
#2891=DIRECTION('center_axis',(0.,1.,0.));
#2892=DIRECTION('ref_axis',(-1.,0.,0.));
#2893=DIRECTION('',(-1.,0.,0.));
#2894=DIRECTION('center_axis',(0.,1.,0.));
#2895=DIRECTION('ref_axis',(-1.,0.,0.));
#2896=DIRECTION('',(1.,0.,0.));
#2897=DIRECTION('',(-1.,0.,0.));
#2898=DIRECTION('center_axis',(0.,-1.,0.));
#2899=DIRECTION('ref_axis',(1.,0.,0.));
#2900=DIRECTION('',(-1.,0.,0.));
#2901=DIRECTION('',(-1.,0.,0.));
#2902=DIRECTION('center_axis',(0.,0.,1.));
#2903=DIRECTION('ref_axis',(1.,0.,0.));
#2904=DIRECTION('center_axis',(0.,0.,1.));
#2905=DIRECTION('ref_axis',(1.,0.,0.));
#2906=CARTESIAN_POINT('',(0.,0.,0.));
#2907=CARTESIAN_POINT('Origin',(-0.0980557186159947,-0.0805383405559557,
36.));
#2908=CARTESIAN_POINT('',(-19.6165515722405,-20.1610766811119,36.));
#2909=CARTESIAN_POINT('',(19.4204401350085,-20.1610766811119,36.));
#2910=CARTESIAN_POINT('',(19.4204401350085,-20.1610766811119,36.));
#2911=CARTESIAN_POINT('',(19.4204401350085,20.,36.));
#2912=CARTESIAN_POINT('',(19.4204401350085,20.,36.));
#2913=CARTESIAN_POINT('',(-19.6165515722405,20.,36.));
#2914=CARTESIAN_POINT('',(-19.6165515722405,20.,36.));
#2915=CARTESIAN_POINT('',(-19.6165515722405,-20.1610766811119,36.));
#2916=CARTESIAN_POINT('',(-16.7,2.04516015457608E-15,36.));
#2917=CARTESIAN_POINT('Origin',(0.,0.,36.));
#2918=CARTESIAN_POINT('Origin',(0.,0.,0.));
#2919=CARTESIAN_POINT('',(-16.7,-2.04516015457608E-15,0.));
#2920=CARTESIAN_POINT('Origin',(0.,0.,0.));
#2921=CARTESIAN_POINT('',(-16.7,-2.04516015457608E-15,0.));
#2922=CARTESIAN_POINT('',(-4.,-16.213882940246,11.0000001639128));
#2923=CARTESIAN_POINT('Ctrl Pts',(-4.,-16.213882940246,11.0000001639128));
#2924=CARTESIAN_POINT('Ctrl Pts',(-4.,-16.213882940246,11.5043967114005));
#2925=CARTESIAN_POINT('Ctrl Pts',(-3.89879336536406,-16.2398688952165,12.0410074441777));
#2926=CARTESIAN_POINT('Ctrl Pts',(-3.48998550107369,-16.332603330006,13.0259045000601));
#2927=CARTESIAN_POINT('Ctrl Pts',(-3.18248488960324,-16.3978915993401,13.4743695238019));
#2928=CARTESIAN_POINT('Ctrl Pts',(-2.47441086279586,-16.5195738323766,14.1824435506093));
#2929=CARTESIAN_POINT('Ctrl Pts',(-2.02592847642321,-16.5840348493322,14.4899765587596));
#2930=CARTESIAN_POINT('Ctrl Pts',(-1.04097013428415,-16.6748606962454,14.8988080338582));
#2931=CARTESIAN_POINT('Ctrl Pts',(-0.504337421760425,-16.7,15.0000001639128));
#2932=CARTESIAN_POINT('Ctrl Pts',(0.504337421760424,-16.7,15.0000001639128));
#2933=CARTESIAN_POINT('Ctrl Pts',(1.04097013428415,-16.6748606962454,14.8988080338582));
#2934=CARTESIAN_POINT('Ctrl Pts',(2.02592847642321,-16.5840348493322,14.4899765587596));
#2935=CARTESIAN_POINT('Ctrl Pts',(2.47441086279586,-16.5195738323766,14.1824435506093));
#2936=CARTESIAN_POINT('Ctrl Pts',(3.18248488960324,-16.3978915993401,13.4743695238019));
#2937=CARTESIAN_POINT('Ctrl Pts',(3.48998550107369,-16.332603330006,13.0259045000601));
#2938=CARTESIAN_POINT('Ctrl Pts',(3.89879336536406,-16.2398688952165,12.0410074441777));
#2939=CARTESIAN_POINT('Ctrl Pts',(4.,-16.213882940246,11.5043967114005));
#2940=CARTESIAN_POINT('Ctrl Pts',(4.,-16.213882940246,10.495603616425));
#2941=CARTESIAN_POINT('Ctrl Pts',(3.89879336536406,-16.2398688952165,9.95899288364789));
#2942=CARTESIAN_POINT('Ctrl Pts',(3.48998550107369,-16.332603330006,8.97409582776542));
#2943=CARTESIAN_POINT('Ctrl Pts',(3.18248488960324,-16.3978915993401,8.52563080402363));
#2944=CARTESIAN_POINT('Ctrl Pts',(2.47441086279586,-16.5195738323766,7.81755677721626));
#2945=CARTESIAN_POINT('Ctrl Pts',(2.02592847642321,-16.5840348493322,7.51002376906599));
#2946=CARTESIAN_POINT('Ctrl Pts',(1.04097013428415,-16.6748606962454,7.10119229396732));
#2947=CARTESIAN_POINT('Ctrl Pts',(0.504337421760426,-16.7,7.00000016391277));
#2948=CARTESIAN_POINT('Ctrl Pts',(-0.504337421760423,-16.7,7.00000016391277));
#2949=CARTESIAN_POINT('Ctrl Pts',(-1.04097013428415,-16.6748606962454,7.10119229396732));
#2950=CARTESIAN_POINT('Ctrl Pts',(-2.0259284764232,-16.5840348493322,7.51002376906599));
#2951=CARTESIAN_POINT('Ctrl Pts',(-2.47441086279586,-16.5195738323766,7.81755677721625));
#2952=CARTESIAN_POINT('Ctrl Pts',(-3.18248488960323,-16.3978915993401,8.52563080402362));
#2953=CARTESIAN_POINT('Ctrl Pts',(-3.48998550107369,-16.332603330006,8.97409582776541));
#2954=CARTESIAN_POINT('Ctrl Pts',(-3.89879336536406,-16.2398688952165,9.95899288364788));
#2955=CARTESIAN_POINT('Ctrl Pts',(-4.,-16.213882940246,10.495603616425));
#2956=CARTESIAN_POINT('Ctrl Pts',(-4.,-16.213882940246,11.0000001639128));
#2957=CARTESIAN_POINT('Origin',(0.,-20.1610766811119,11.0000001639128));
#2958=CARTESIAN_POINT('',(-4.,-20.1610766811119,11.0000001639128));
#2959=CARTESIAN_POINT('Origin',(0.,-20.1610766811119,11.0000001639128));
#2960=CARTESIAN_POINT('',(-4.,-20.1610766811119,11.0000001639128));
#2961=CARTESIAN_POINT('Origin',(5.69273341110752,-27.2586588083622,1.9));
#2962=CARTESIAN_POINT('',(10.1945286408772,-26.6935726254398,1.9));
#2963=CARTESIAN_POINT('',(35.,-20.1610766811119,1.9));
#2964=CARTESIAN_POINT('',(5.84553308642329,-27.8388762324572,1.9));
#2965=CARTESIAN_POINT('',(32.6439740512797,-20.1610766811119,2.5));
#2966=CARTESIAN_POINT('Origin',(32.6439740512797,-20.1610766811119,1.9));
#2967=CARTESIAN_POINT('',(10.1168482039359,-26.0935726254398,2.5));
#2968=CARTESIAN_POINT('',(5.69273341110752,-27.2586588083622,2.5));
#2969=CARTESIAN_POINT('Origin',(10.1168482039359,-26.0935726254398,1.9));
#2970=CARTESIAN_POINT('Origin',(-5.04754636256432,-26.0935726254398,1.9));
#2971=CARTESIAN_POINT('',(-10.1282380303782,-26.6935726254398,1.9));
#2972=CARTESIAN_POINT('',(-5.04754636256432,-26.6935726254398,1.9));
#2973=CARTESIAN_POINT('',(-10.0507578345342,-26.0935726254398,2.5));
#2974=CARTESIAN_POINT('',(-5.04754636256432,-26.0935726254398,2.5));
#2975=CARTESIAN_POINT('Origin',(-10.0507578345342,-26.0935726254398,1.9));
#2976=CARTESIAN_POINT('Origin',(-18.0601303792208,-23.9899342210243,1.9));
#2977=CARTESIAN_POINT('',(-32.6380855987693,-20.1610766811119,2.5));
#2978=CARTESIAN_POINT('',(-18.0601303792208,-23.9899342210243,2.5));
#2979=CARTESIAN_POINT('',(-35.,-20.1610766811119,1.9));
#2980=CARTESIAN_POINT('Origin',(-32.6380855987693,-20.1610766811119,1.9));
#2981=CARTESIAN_POINT('',(-18.2125491120133,-24.5702518322459,1.9));
#2982=CARTESIAN_POINT('Origin',(10.1945286408773,-26.6935726254398,0.));
#2983=CARTESIAN_POINT('',(10.1945286408772,-26.6935726254398,-2.));
#2984=CARTESIAN_POINT('',(10.1945286408772,-26.6935726254398,0.));
#2985=CARTESIAN_POINT('',(35.,-20.1610766811119,-2.));
#2986=CARTESIAN_POINT('',(35.,-20.1610766811119,-2.));
#2987=CARTESIAN_POINT('',(35.,-20.1610766811119,0.));
#2988=CARTESIAN_POINT('Origin',(-10.1282380303782,-26.6935726254398,0.));
#2989=CARTESIAN_POINT('',(-10.1282380303782,-26.6935726254398,-2.));
#2990=CARTESIAN_POINT('',(-10.1282380303782,-26.6935726254398,0.));
#2991=CARTESIAN_POINT('',(10.1945286408772,-26.6935726254398,-2.));
#2992=CARTESIAN_POINT('Origin',(-35.,-20.1610766811119,0.));
#2993=CARTESIAN_POINT('',(-35.,-20.1610766811119,-2.));
#2994=CARTESIAN_POINT('',(-35.,-20.1610766811119,0.));
#2995=CARTESIAN_POINT('',(-35.,-20.1610766811119,-2.));
#2996=CARTESIAN_POINT('Origin',(-0.0980557186159947,-0.0805383405559557,
0.));
#2997=CARTESIAN_POINT('',(19.4204401350085,-20.1610766811119,0.));
#2998=CARTESIAN_POINT('',(-19.6165515722405,-20.1610766811119,0.));
#2999=CARTESIAN_POINT('',(5.04823646113063,-20.1610766811119,0.));
#3000=CARTESIAN_POINT('',(-19.6165515722405,20.,0.));
#3001=CARTESIAN_POINT('',(-19.6165515722405,-20.1610766811119,0.));
#3002=CARTESIAN_POINT('',(19.4204401350085,20.,0.));
#3003=CARTESIAN_POINT('',(-19.6165515722405,20.,0.));
#3004=CARTESIAN_POINT('',(19.4204401350085,20.,0.));
#3005=CARTESIAN_POINT('Origin',(0.0331453052495401,-23.4273246532759,-2.));
#3006=CARTESIAN_POINT('',(19.4204401350085,-20.1610766811119,-2.));
#3007=CARTESIAN_POINT('',(-2.2,-23.4259852033635,-2.));
#3008=CARTESIAN_POINT('Origin',(0.,-23.4259852033635,-2.));
#3009=CARTESIAN_POINT('Origin',(-10.1282380303782,-20.1610766811119,0.));
#3010=CARTESIAN_POINT('',(-19.6165515722405,-20.1610766811119,2.5));
#3011=CARTESIAN_POINT('',(19.4204401350085,-20.1610766811119,2.5));
#3012=CARTESIAN_POINT('',(-19.6165515722405,-20.1610766811119,0.));
#3013=CARTESIAN_POINT('',(19.4204401350085,-20.1610766811119,2.5));
#3014=CARTESIAN_POINT('',(19.4204401350085,-20.1610766811119,0.));
#3015=CARTESIAN_POINT('',(19.4204401350085,-20.1610766811119,2.5));
#3016=CARTESIAN_POINT('Origin',(-19.6165515722405,-20.1610766811119,0.));
#3017=CARTESIAN_POINT('',(-21.0903352937148,-20.1610766811119,2.5));
#3018=CARTESIAN_POINT('',(19.4204401350085,-20.1610766811119,0.));
#3019=CARTESIAN_POINT('',(-19.6165515722405,-20.1610766811119,0.));
#3020=CARTESIAN_POINT('Origin',(0.,-23.4259852033635,0.));
#3021=CARTESIAN_POINT('',(-2.2,-23.4259852033635,2.5));
#3022=CARTESIAN_POINT('Origin',(0.,-23.4259852033635,2.5));
#3023=CARTESIAN_POINT('',(-2.2,-23.4259852033635,0.));
#3024=CARTESIAN_POINT('Origin',(0.0331453052495401,-23.4273246532759,2.5));
#3025=CARTESIAN_POINT('Origin',(-19.6165515722405,20.,0.));
#3026=CARTESIAN_POINT('',(-19.6165515722405,20.,0.));
#3027=CARTESIAN_POINT('Origin',(19.4204401350085,20.,0.));
#3028=CARTESIAN_POINT('',(19.4204401350085,20.,0.));
#3029=CARTESIAN_POINT('Origin',(19.4204401350085,-20.1610766811119,0.));
#3030=CARTESIAN_POINT('Origin',(44.0000006556511,34.8445564967137,0.));
#3031=CARTESIAN_POINT('',(44.0000006556511,34.8445564967137,0.));
#3032=CARTESIAN_POINT('',(24.7017488401845,24.3203978928637,0.));
#3033=CARTESIAN_POINT('',(24.7017488401845,24.3203978928637,0.));
#3034=CARTESIAN_POINT('',(24.7017488401845,24.3203978928637,6.));
#3035=CARTESIAN_POINT('',(24.7017488401845,24.3203978928637,0.));
#3036=CARTESIAN_POINT('',(44.0000006556511,34.8445564967137,6.));
#3037=CARTESIAN_POINT('',(24.7017488401845,24.3203978928637,6.));
#3038=CARTESIAN_POINT('',(44.0000006556511,34.8445564967137,0.));
#3039=CARTESIAN_POINT('Origin',(44.0000006556511,35.,0.));
#3040=CARTESIAN_POINT('',(44.0000006556511,35.,0.));
#3041=CARTESIAN_POINT('',(44.0000006556511,-20.0000002980232,0.));
#3042=CARTESIAN_POINT('',(44.0000006556511,35.,6.));
#3043=CARTESIAN_POINT('',(44.0000006556511,-20.0000002980232,6.));
#3044=CARTESIAN_POINT('',(44.0000006556511,35.,0.));
#3045=CARTESIAN_POINT('Origin',(-43.6100128118384,35.,0.));
#3046=CARTESIAN_POINT('',(-43.6100128118384,35.,0.));
#3047=CARTESIAN_POINT('',(44.0000006556511,35.,0.));
#3048=CARTESIAN_POINT('',(-43.6100128118384,35.,6.));
#3049=CARTESIAN_POINT('',(44.0000006556511,35.,6.));
#3050=CARTESIAN_POINT('',(-43.6100128118384,35.,0.));
#3051=CARTESIAN_POINT('Origin',(-24.7664402283759,24.3203978928637,0.));
#3052=CARTESIAN_POINT('',(-24.7664402283759,24.3203978928637,0.));
#3053=CARTESIAN_POINT('',(-24.7664402283759,24.3203978928637,0.));
#3054=CARTESIAN_POINT('',(-24.7664402283759,24.3203978928637,6.));
#3055=CARTESIAN_POINT('',(-24.7664402283759,24.3203978928637,6.));
#3056=CARTESIAN_POINT('',(-24.7664402283759,24.3203978928637,0.));
#3057=CARTESIAN_POINT('Origin',(24.7017488401845,24.3203978928637,0.));
#3058=CARTESIAN_POINT('',(-24.7664402283759,24.3203978928637,0.));
#3059=CARTESIAN_POINT('',(-24.7664402283759,24.3203978928637,6.));
#3060=CARTESIAN_POINT('Origin',(-44.1634938586371,-14.4723320943912,0.));
#3061=CARTESIAN_POINT('',(-44.1634938586371,-14.4723320943912,0.));
#3062=CARTESIAN_POINT('',(-44.1634938586371,30.9856371115901,0.));
#3063=CARTESIAN_POINT('',(-44.1634938586371,35.,0.));
#3064=CARTESIAN_POINT('',(-44.1634938586371,30.9856371115901,6.));
#3065=CARTESIAN_POINT('',(-44.1634938586371,30.9856371115901,0.));
#3066=CARTESIAN_POINT('',(-44.1634938586371,-14.4723320943912,6.));
#3067=CARTESIAN_POINT('',(-44.1634938586371,35.,6.));
#3068=CARTESIAN_POINT('',(-44.1634938586371,-14.4723320943912,0.));
#3069=CARTESIAN_POINT('Origin',(-24.7664402283759,3.89832806057754,0.));
#3070=CARTESIAN_POINT('',(-24.7664402283759,3.89832806057754,0.));
#3071=CARTESIAN_POINT('',(-50.,-20.,0.));
#3072=CARTESIAN_POINT('',(-24.7664402283759,3.89832806057754,6.));
#3073=CARTESIAN_POINT('',(-50.,-20.,6.));
#3074=CARTESIAN_POINT('',(-24.7664402283759,3.89832806057754,0.));
#3075=CARTESIAN_POINT('Origin',(-24.7664402283759,19.9923494054269,0.));
#3076=CARTESIAN_POINT('',(-24.7664402283759,19.9923494054269,0.));
#3077=CARTESIAN_POINT('',(-24.7664402283759,3.89832806057754,0.));
#3078=CARTESIAN_POINT('',(-24.7664402283759,19.9923494054269,6.));
#3079=CARTESIAN_POINT('',(-24.7664402283759,3.89832806057754,6.));
#3080=CARTESIAN_POINT('',(-24.7664402283759,19.9923494054269,0.));
#3081=CARTESIAN_POINT('Origin',(-44.1634938586371,30.9856371115901,0.));
#3082=CARTESIAN_POINT('',(-24.7664402283759,19.9923494054269,0.));
#3083=CARTESIAN_POINT('',(-24.7664402283759,19.9923494054269,6.));
#3084=CARTESIAN_POINT('Origin',(24.7017488401845,20.000000949949,0.));
#3085=CARTESIAN_POINT('',(24.7017488401845,20.000000949949,0.));
#3086=CARTESIAN_POINT('',(44.0000006556511,29.9606702112552,0.));
#3087=CARTESIAN_POINT('',(24.7017488401845,20.000000949949,0.));
#3088=CARTESIAN_POINT('',(44.0000006556511,29.9606702112552,6.));
#3089=CARTESIAN_POINT('',(44.0000006556511,29.9606702112552,0.));
#3090=CARTESIAN_POINT('',(24.7017488401845,20.000000949949,6.));
#3091=CARTESIAN_POINT('',(24.7017488401845,20.000000949949,6.));
#3092=CARTESIAN_POINT('',(24.7017488401845,20.000000949949,0.));
#3093=CARTESIAN_POINT('Origin',(24.7017488401845,4.3097754610137,0.));
#3094=CARTESIAN_POINT('',(24.7017488401845,4.3097754610137,0.));
#3095=CARTESIAN_POINT('',(24.7017488401845,24.3203978928637,0.));
#3096=CARTESIAN_POINT('',(24.7017488401845,4.3097754610137,6.));
#3097=CARTESIAN_POINT('',(24.7017488401845,24.3203978928637,6.));
#3098=CARTESIAN_POINT('',(24.7017488401845,4.3097754610137,0.));
#3099=CARTESIAN_POINT('Origin',(44.0000006556511,-14.2344379496462,0.));
#3100=CARTESIAN_POINT('',(44.0000006556511,-14.2344379496462,0.));
#3101=CARTESIAN_POINT('',(50.,-20.,0.));
#3102=CARTESIAN_POINT('',(44.0000006556511,-14.2344379496462,6.));
#3103=CARTESIAN_POINT('',(50.,-20.,6.));
#3104=CARTESIAN_POINT('',(44.0000006556511,-14.2344379496462,0.));
#3105=CARTESIAN_POINT('Origin',(44.0000006556511,29.9606702112552,0.));
#3106=CARTESIAN_POINT('',(44.0000006556511,-20.0000002980232,0.));
#3107=CARTESIAN_POINT('',(44.0000006556511,-20.0000002980232,6.));
#3108=CARTESIAN_POINT('Origin',(-50.,40.,0.));
#3109=CARTESIAN_POINT('',(-50.,-20.,0.));
#3110=CARTESIAN_POINT('',(-50.,40.,0.));
#3111=CARTESIAN_POINT('',(-50.,-20.,0.));
#3112=CARTESIAN_POINT('',(-50.,-20.,6.));
#3113=CARTESIAN_POINT('',(-50.,-20.,0.));
#3114=CARTESIAN_POINT('',(-50.,40.,6.));
#3115=CARTESIAN_POINT('',(-50.,-20.,6.));
#3116=CARTESIAN_POINT('',(-50.,40.,0.));
#3117=CARTESIAN_POINT('Origin',(50.,40.,0.));
#3118=CARTESIAN_POINT('',(50.,40.,0.));
#3119=CARTESIAN_POINT('',(-50.,40.,0.));
#3120=CARTESIAN_POINT('',(50.,40.,6.));
#3121=CARTESIAN_POINT('',(-50.,40.,6.));
#3122=CARTESIAN_POINT('',(50.,40.,0.));
#3123=CARTESIAN_POINT('Origin',(50.,-20.,0.));
#3124=CARTESIAN_POINT('',(50.,-20.,0.));
#3125=CARTESIAN_POINT('',(50.,40.,0.));
#3126=CARTESIAN_POINT('',(50.,-20.,6.));
#3127=CARTESIAN_POINT('',(50.,40.,6.));
#3128=CARTESIAN_POINT('',(50.,-20.,0.));
#3129=CARTESIAN_POINT('Origin',(44.0000006556511,-20.,0.));
#3130=CARTESIAN_POINT('',(44.0000006556511,-20.0000002980232,0.));
#3131=CARTESIAN_POINT('',(50.,-20.,0.));
#3132=CARTESIAN_POINT('',(44.0000006556511,-20.0000002980232,6.));
#3133=CARTESIAN_POINT('',(50.,-20.,6.));
#3134=CARTESIAN_POINT('',(44.0000006556511,-20.0000002980232,0.));
#3135=CARTESIAN_POINT('Origin',(19.6200776456448,3.42732874484245,0.));
#3136=CARTESIAN_POINT('',(19.6200776456448,3.42732874484245,0.));
#3137=CARTESIAN_POINT('',(44.0000006556511,-20.0000002980232,0.));
#3138=CARTESIAN_POINT('',(19.6200776456448,3.42732874484245,6.));
#3139=CARTESIAN_POINT('',(44.0000006556511,-20.0000002980232,6.));
#3140=CARTESIAN_POINT('',(19.6200776456448,3.42732874484245,0.));
#3141=CARTESIAN_POINT('Origin',(19.6200776456448,20.000000949949,0.));
#3142=CARTESIAN_POINT('',(19.6200776456448,20.000000949949,0.));
#3143=CARTESIAN_POINT('',(19.6200776456448,20.000000949949,0.));
#3144=CARTESIAN_POINT('',(19.6200776456448,20.000000949949,6.));
#3145=CARTESIAN_POINT('',(19.6200776456448,20.000000949949,6.));
#3146=CARTESIAN_POINT('',(19.6200776456448,20.000000949949,0.));
#3147=CARTESIAN_POINT('Origin',(-19.6400009328499,20.000000949949,0.));
#3148=CARTESIAN_POINT('',(-19.6400009328499,20.000000949949,0.));
#3149=CARTESIAN_POINT('',(-19.6400009328499,20.000000949949,0.));
#3150=CARTESIAN_POINT('',(-19.6400009328499,20.000000949949,6.));
#3151=CARTESIAN_POINT('',(-19.6400009328499,20.000000949949,6.));
#3152=CARTESIAN_POINT('',(-19.6400009328499,20.000000949949,0.));
#3153=CARTESIAN_POINT('Origin',(-19.6400009328499,3.22583434267432,0.));
#3154=CARTESIAN_POINT('',(-19.6400009328499,3.22583434267432,0.));
#3155=CARTESIAN_POINT('',(-19.6400009328499,-20.,0.));
#3156=CARTESIAN_POINT('',(-19.6400009328499,3.22583434267432,6.));
#3157=CARTESIAN_POINT('',(-19.6400009328499,-20.,6.));
#3158=CARTESIAN_POINT('',(-19.6400009328499,3.22583434267432,0.));
#3159=CARTESIAN_POINT('Origin',(-44.1634938586371,-20.,0.));
#3160=CARTESIAN_POINT('',(-44.1634938586371,-20.,0.));
#3161=CARTESIAN_POINT('',(-44.1634938586371,-20.,0.));
#3162=CARTESIAN_POINT('',(-44.1634938586371,-20.,6.));
#3163=CARTESIAN_POINT('',(-44.1634938586371,-20.,6.));
#3164=CARTESIAN_POINT('',(-44.1634938586371,-20.,0.));
#3165=CARTESIAN_POINT('Origin',(-50.,-20.,0.));
#3166=CARTESIAN_POINT('',(50.,-20.,0.));
#3167=CARTESIAN_POINT('',(50.,-20.,6.));
#3168=CARTESIAN_POINT('Origin',(0.,9.99999985098839,6.));
#3169=CARTESIAN_POINT('Origin',(0.,9.99999985098839,0.));
#3170=CARTESIAN_POINT('Origin',(92.4278927654088,61.9134209911829,0.));
#3171=CARTESIAN_POINT('',(76.2278927654087,61.9134209911829,0.));
#3172=CARTESIAN_POINT('Origin',(92.4278927654088,61.9134209911829,0.));
#3173=CARTESIAN_POINT('',(76.2278927654087,61.9134209911829,20.));
#3174=CARTESIAN_POINT('',(76.2278927654087,61.9134209911829,0.));
#3175=CARTESIAN_POINT('Origin',(92.4278927654088,61.9134209911829,20.));
#3176=CARTESIAN_POINT('',(90.550001385808,45.8226309556867,10.0000001490116));
#3177=CARTESIAN_POINT('Ctrl Pts',(90.550001385808,45.8226309556867,10.0000001490116));
#3178=CARTESIAN_POINT('Ctrl Pts',(90.550001385808,45.8226309556867,10.3080600975351));
#3179=CARTESIAN_POINT('Ctrl Pts',(90.611646726685,45.8150642596697,10.6364477648731));
#3180=CARTESIAN_POINT('Ctrl Pts',(90.8619783043298,45.7887891841763,11.2402263325598));
#3181=CARTESIAN_POINT('Ctrl Pts',(91.0506489990873,45.7705956444382,11.515645971221));
#3182=CARTESIAN_POINT('Ctrl Pts',(91.4856680670323,45.7393766549215,11.9503147228524));
#3183=CARTESIAN_POINT('Ctrl Pts',(91.7610126730538,45.7243400311733,12.138700273541));
#3184=CARTESIAN_POINT('Ctrl Pts',(92.3644200324544,45.7107347139674,12.3885494175744));
#3185=CARTESIAN_POINT('Ctrl Pts',(92.6924991465091,45.7126599236495,12.4500001490116));
#3186=CARTESIAN_POINT('Ctrl Pts',(93.3087929697583,45.7344381386792,12.4500001490116));
#3187=CARTESIAN_POINT('Ctrl Pts',(93.6374685403299,45.7557958664388,12.3880876249469));
#3188=CARTESIAN_POINT('Ctrl Pts',(94.2412004920885,45.8123701459534,12.1374638086314));
#3189=CARTESIAN_POINT('Ctrl Pts',(94.5163177170681,45.8471008439098,11.9487896509072));
#3190=CARTESIAN_POINT('Ctrl Pts',(94.9502156945528,45.9094900591687,11.5143257084294));
#3191=CARTESIAN_POINT('Ctrl Pts',(95.1383821931835,45.9412779176169,11.2394976948331));
#3192=CARTESIAN_POINT('Ctrl Pts',(95.388293837587,45.9857051161964,10.6364634782767));
#3193=CARTESIAN_POINT('Ctrl Pts',(95.450001385808,45.9978041483926,10.3082020109005));
#3194=CARTESIAN_POINT('Ctrl Pts',(95.450001385808,45.9978041483926,9.69179828712269));
#3195=CARTESIAN_POINT('Ctrl Pts',(95.388293837587,45.9857051161964,9.36353681974652));
#3196=CARTESIAN_POINT('Ctrl Pts',(95.1383821931835,45.9412779176169,8.7605026031901));
#3197=CARTESIAN_POINT('Ctrl Pts',(94.9502156945528,45.9094900591687,8.48567458959383));
#3198=CARTESIAN_POINT('Ctrl Pts',(94.5163177170681,45.8471008439098,8.05121064711598));
#3199=CARTESIAN_POINT('Ctrl Pts',(94.2412004920885,45.8123701459534,7.86253648939189));
#3200=CARTESIAN_POINT('Ctrl Pts',(93.6374685403299,45.7557958664388,7.61191267307637));
#3201=CARTESIAN_POINT('Ctrl Pts',(93.3087929697583,45.7344381386792,7.5500001490116));
#3202=CARTESIAN_POINT('Ctrl Pts',(92.6924991465091,45.7126599236495,7.5500001490116));
#3203=CARTESIAN_POINT('Ctrl Pts',(92.3644200324544,45.7107347139674,7.61145088044886));
#3204=CARTESIAN_POINT('Ctrl Pts',(91.7610126730538,45.7243400311733,7.86130002448222));
#3205=CARTESIAN_POINT('Ctrl Pts',(91.4856680670323,45.7393766549216,8.04968557517086));
#3206=CARTESIAN_POINT('Ctrl Pts',(91.0506489990873,45.7705956444382,8.48435432680223));
#3207=CARTESIAN_POINT('Ctrl Pts',(90.8619783043298,45.7887891841763,8.7597739654634));
#3208=CARTESIAN_POINT('Ctrl Pts',(90.611646726685,45.8150642596697,9.36355253315016));
#3209=CARTESIAN_POINT('Ctrl Pts',(90.550001385808,45.8226309556867,9.69194020048809));
#3210=CARTESIAN_POINT('Ctrl Pts',(90.550001385808,45.8226309556867,10.0000001490116));
#3211=CARTESIAN_POINT('Origin',(111.848332900417,94.0000013709068,10.0000001490116));
#3212=CARTESIAN_POINT('',(111.848332900417,83.8000013709068,10.0000001490116));
#3213=CARTESIAN_POINT('Origin',(111.848332900417,94.0000013709068,10.0000001490116));
#3214=CARTESIAN_POINT('',(72.8483329004172,83.8000013709068,10.0000001490116));
#3215=CARTESIAN_POINT('',(111.848332900417,83.8000013709068,10.0000001490116));
#3216=CARTESIAN_POINT('Origin',(72.8483329004172,94.0000013709068,10.0000001490116));
#3217=CARTESIAN_POINT('',(92.0000013709068,103.83615915736,12.7000001490116));
#3218=CARTESIAN_POINT('',(94.7000013709068,104.200001370907,10.0000001490116));
#3219=CARTESIAN_POINT('Ctrl Pts',(92.0000013709068,103.83615915736,12.7000001490116));
#3220=CARTESIAN_POINT('Ctrl Pts',(91.6591957287278,103.83615915736,12.7000001490116));
#3221=CARTESIAN_POINT('Ctrl Pts',(91.2968525680726,103.855719125321,12.6315561768876));
#3222=CARTESIAN_POINT('Ctrl Pts',(90.6321504647042,103.925310884935,12.3555234472713));
#3223=CARTESIAN_POINT('Ctrl Pts',(90.3296410347796,103.974224936482,12.1480164312917));
#3224=CARTESIAN_POINT('Ctrl Pts',(89.8520273713225,104.065230819263,11.6704027678347));
#3225=CARTESIAN_POINT('Ctrl Pts',(89.6444874468534,104.113385795331,11.3678758446186));
#3226=CARTESIAN_POINT('Ctrl Pts',(89.368430624125,104.181222473914,10.7031112920688));
#3227=CARTESIAN_POINT('Ctrl Pts',(89.3000013709068,104.200001370907,10.3407454541157));
#3228=CARTESIAN_POINT('Ctrl Pts',(89.3000013709068,104.200001370907,9.65925484390754));
#3229=CARTESIAN_POINT('Ctrl Pts',(89.368430624125,104.181222473914,9.29688900595447));
#3230=CARTESIAN_POINT('Ctrl Pts',(89.6444874468534,104.113385795331,8.63212445340458));
#3231=CARTESIAN_POINT('Ctrl Pts',(89.8520273713225,104.065230819263,8.32959753018856));
#3232=CARTESIAN_POINT('Ctrl Pts',(90.3296410347796,103.974224936482,7.8519838667315));
#3233=CARTESIAN_POINT('Ctrl Pts',(90.6321504647042,103.925310884935,7.6444768507519));
#3234=CARTESIAN_POINT('Ctrl Pts',(91.2968525680726,103.855719125321,7.36844412113563));
#3235=CARTESIAN_POINT('Ctrl Pts',(91.6591957287278,103.83615915736,7.30000014901162));
#3236=CARTESIAN_POINT('Ctrl Pts',(92.3408070130858,103.83615915736,7.30000014901162));
#3237=CARTESIAN_POINT('Ctrl Pts',(92.703150173741,103.855719125321,7.36844412113563));
#3238=CARTESIAN_POINT('Ctrl Pts',(93.3678522771095,103.925310884935,7.6444768507519));
#3239=CARTESIAN_POINT('Ctrl Pts',(93.6703617070341,103.974224936482,7.8519838667315));
#3240=CARTESIAN_POINT('Ctrl Pts',(94.1479753704911,104.065230819263,8.32959753018856));
#3241=CARTESIAN_POINT('Ctrl Pts',(94.3555152949602,104.113385795331,8.63212445340458));
#3242=CARTESIAN_POINT('Ctrl Pts',(94.6315721176887,104.181222473914,9.29688900595447));
#3243=CARTESIAN_POINT('Ctrl Pts',(94.7000013709068,104.200001370907,9.65925484390754));
#3244=CARTESIAN_POINT('Ctrl Pts',(94.7000013709068,104.200001370907,10.0000001490116));
#3245=CARTESIAN_POINT('Ctrl Pts',(94.7000013709068,104.200001370907,10.0000001490116));
#3246=CARTESIAN_POINT('Ctrl Pts',(94.7000013709068,104.200001370907,10.3407454541157));
#3247=CARTESIAN_POINT('Ctrl Pts',(94.6315721176887,104.181222473914,10.7031112920688));
#3248=CARTESIAN_POINT('Ctrl Pts',(94.3555152949602,104.113385795331,11.3678758446186));
#3249=CARTESIAN_POINT('Ctrl Pts',(94.1479753704911,104.065230819263,11.6704027678347));
#3250=CARTESIAN_POINT('Ctrl Pts',(93.6703617070341,103.974224936482,12.1480164312917));
#3251=CARTESIAN_POINT('Ctrl Pts',(93.3678522771095,103.925310884935,12.3555234472713));
#3252=CARTESIAN_POINT('Ctrl Pts',(92.703150173741,103.855719125321,12.6315561768876));
#3253=CARTESIAN_POINT('Ctrl Pts',(92.3408070130858,103.83615915736,12.7000001490116));
#3254=CARTESIAN_POINT('Ctrl Pts',(92.0000013709068,103.83615915736,12.7000001490116));
#3255=CARTESIAN_POINT('Origin',(93.0031285491638,38.752344310071,5.50000014901158));
#3256=CARTESIAN_POINT('',(93.0031285491638,38.752344310071,5.50000014901158));
#3257=CARTESIAN_POINT('',(89.0031284970098,38.752344310071,7.50000014901157));
#3258=CARTESIAN_POINT('',(91.8338119836539,38.752344310071,6.08465842414345));
#3259=CARTESIAN_POINT('',(93.0031285491638,42.752344310071,5.50000014901158));
#3260=CARTESIAN_POINT('',(93.0031285491638,38.752344310071,5.50000014901158));
#3261=CARTESIAN_POINT('',(89.0031284970098,42.752344310071,7.50000014901157));
#3262=CARTESIAN_POINT('',(89.0031284970098,42.752344310071,7.50000014901157));
#3263=CARTESIAN_POINT('',(89.0031284970098,38.752344310071,7.50000014901157));
#3264=CARTESIAN_POINT('Origin',(97.003128616219,38.752344310071,7.50000014901157));
#3265=CARTESIAN_POINT('',(97.003128616219,38.752344310071,7.50000014901157));
#3266=CARTESIAN_POINT('',(95.6338119410823,38.752344310071,6.8153418229207));
#3267=CARTESIAN_POINT('',(97.003128616219,42.752344310071,7.50000014901157));
#3268=CARTESIAN_POINT('',(97.003128616219,38.752344310071,7.50000014901157));
#3269=CARTESIAN_POINT('',(93.0031285491638,42.752344310071,5.50000014901158));
#3270=CARTESIAN_POINT('Origin',(97.003128616219,38.752344310071,12.5000001490115));
#3271=CARTESIAN_POINT('',(97.003128616219,38.752344310071,12.5000001490115));
#3272=CARTESIAN_POINT('',(97.003128616219,38.752344310071,11.2500000745058));
#3273=CARTESIAN_POINT('',(97.003128616219,42.752344310071,12.5000001490115));
#3274=CARTESIAN_POINT('',(97.003128616219,38.752344310071,12.5000001490115));
#3275=CARTESIAN_POINT('',(97.003128616219,42.752344310071,10.0000001490116));
#3276=CARTESIAN_POINT('Origin',(93.0031285491638,38.752344310071,14.5000001490115));
#3277=CARTESIAN_POINT('',(93.0031285491638,38.752344310071,14.5000001490115));
#3278=CARTESIAN_POINT('',(93.6338119671593,38.752344310071,14.1846584453001));
#3279=CARTESIAN_POINT('',(93.0031285491638,42.752344310071,14.5000001490115));
#3280=CARTESIAN_POINT('',(93.0031285491638,38.752344310071,14.5000001490115));
#3281=CARTESIAN_POINT('',(97.003128616219,42.752344310071,12.5000001490115));
#3282=CARTESIAN_POINT('Origin',(89.0031284970098,38.752344310071,12.5000001490115));
#3283=CARTESIAN_POINT('',(89.0031284970098,38.752344310071,12.5000001490115));
#3284=CARTESIAN_POINT('',(89.8338118979723,38.752344310071,12.9153418440774));
#3285=CARTESIAN_POINT('',(89.0031284970098,42.752344310071,12.5000001490115));
#3286=CARTESIAN_POINT('',(89.0031284970098,38.752344310071,12.5000001490115));
#3287=CARTESIAN_POINT('',(89.0031284970098,42.752344310071,12.5000001490115));
#3288=CARTESIAN_POINT('Origin',(89.0031284970098,38.752344310071,7.50000014901157));
#3289=CARTESIAN_POINT('',(89.0031284970097,38.752344310071,8.75000007450578));
#3290=CARTESIAN_POINT('',(89.0031284970098,42.752344310071,10.0000001490116));
#3291=CARTESIAN_POINT('Origin',(93.0031285566144,42.752344310071,10.0000001490116));
#3292=CARTESIAN_POINT('',(90.550001385808,42.752344310071,10.0000001490116));
#3293=CARTESIAN_POINT('Origin',(93.000001385808,42.752344310071,10.0000001490116));
#3294=CARTESIAN_POINT('Origin',(92.3298370467928,38.752344310071,10.));
#3295=CARTESIAN_POINT('',(72.8113411931683,38.752344310071,20.));
#3296=CARTESIAN_POINT('',(72.8113411931683,38.752344310071,0.));
#3297=CARTESIAN_POINT('',(72.8113411931683,38.752344310071,20.));
#3298=CARTESIAN_POINT('',(111.848332900417,38.752344310071,0.));
#3299=CARTESIAN_POINT('',(72.8113411931683,38.752344310071,0.));
#3300=CARTESIAN_POINT('',(111.848332900417,38.752344310071,20.));
#3301=CARTESIAN_POINT('',(111.848332900417,38.752344310071,0.));
#3302=CARTESIAN_POINT('',(111.848332900417,38.752344310071,20.));
#3303=CARTESIAN_POINT('Origin',(92.0000013709068,111.000001594424,5.50000014901161));
#3304=CARTESIAN_POINT('',(92.0000013709068,111.000001594424,5.50000014901161));
#3305=CARTESIAN_POINT('',(96.0000014230609,111.000001594424,7.50000014901161));
#3306=CARTESIAN_POINT('',(93.0393339763969,111.000001594424,6.01966644498095));
#3307=CARTESIAN_POINT('',(92.0000013709068,107.000001594424,5.50000014901161));
#3308=CARTESIAN_POINT('',(92.0000013709068,111.000001594424,5.50000014901161));
#3309=CARTESIAN_POINT('',(96.0000014230609,107.000001594424,7.50000014901161));
#3310=CARTESIAN_POINT('',(96.0000014230609,107.000001594424,7.50000014901161));
#3311=CARTESIAN_POINT('',(96.0000014230609,111.000001594424,7.50000014901161));
#3312=CARTESIAN_POINT('Origin',(88.0000013038516,111.000001594424,7.50000014901161));
#3313=CARTESIAN_POINT('',(88.0000013038516,111.000001594424,7.50000014901161));
#3314=CARTESIAN_POINT('',(89.2393339591702,111.000001594424,6.88033383174031));
#3315=CARTESIAN_POINT('',(88.0000013038516,107.000001594424,7.50000014901161));
#3316=CARTESIAN_POINT('',(88.0000013038516,111.000001594424,7.50000014901161));
#3317=CARTESIAN_POINT('',(92.0000013709068,107.000001594424,5.50000014901161));
#3318=CARTESIAN_POINT('Origin',(88.0000013038516,111.000001594424,12.5000001490116));
#3319=CARTESIAN_POINT('',(88.0000013038516,111.000001594424,12.5000001490116));
#3320=CARTESIAN_POINT('',(88.0000013038516,111.000001594424,11.2500001490116));
#3321=CARTESIAN_POINT('',(88.0000013038516,107.000001594424,12.5000001490116));
#3322=CARTESIAN_POINT('',(88.0000013038516,111.000001594424,12.5000001490116));
#3323=CARTESIAN_POINT('',(88.0000013038516,107.000001594424,10.0000001490116));
#3324=CARTESIAN_POINT('Origin',(92.0000013709068,111.000001594424,14.5000001490116));
#3325=CARTESIAN_POINT('',(92.0000013709068,111.000001594424,14.5000001490116));
#3326=CARTESIAN_POINT('',(91.2393339926977,111.000001594424,14.1196664662829));
#3327=CARTESIAN_POINT('',(92.0000013709068,107.000001594424,14.5000001490116));
#3328=CARTESIAN_POINT('',(92.0000013709068,111.000001594424,14.5000001490116));
#3329=CARTESIAN_POINT('',(88.0000013038516,107.000001594424,12.5000001490116));
#3330=CARTESIAN_POINT('Origin',(96.0000014230609,111.000001594424,12.5000001490116));
#3331=CARTESIAN_POINT('',(96.0000014230609,111.000001594424,12.5000001490116));
#3332=CARTESIAN_POINT('',(95.0393340024739,111.000001594424,12.9803338530423));
#3333=CARTESIAN_POINT('',(96.0000014230609,107.000001594424,12.5000001490116));
#3334=CARTESIAN_POINT('',(96.0000014230609,111.000001594424,12.5000001490116));
#3335=CARTESIAN_POINT('',(96.0000014230609,107.000001594424,12.5000001490116));
#3336=CARTESIAN_POINT('Origin',(96.0000014230609,111.000001594424,7.50000014901161));
#3337=CARTESIAN_POINT('',(96.0000014230609,111.000001594424,8.75000014901161));
#3338=CARTESIAN_POINT('',(96.0000014230609,107.000001594424,10.0000001490116));
#3339=CARTESIAN_POINT('Origin',(92.0000013634562,107.000001594424,10.0000001490116));
#3340=CARTESIAN_POINT('',(94.7000013709068,107.000001594424,10.0000001490116));
#3341=CARTESIAN_POINT('Origin',(92.0000013709068,107.000001594424,10.0000001490116));
#3342=CARTESIAN_POINT('Origin',(92.3483329004172,111.000001594424,10.0000001490116));
#3343=CARTESIAN_POINT('',(72.8483329004172,111.000001594424,23.0000003427267));
#3344=CARTESIAN_POINT('',(111.848332900417,111.000001594424,23.0000003427267));
#3345=CARTESIAN_POINT('',(72.8483329004172,111.000001594424,23.0000003427267));
#3346=CARTESIAN_POINT('',(111.848332900417,111.000001594424,-3.00000004470348));
#3347=CARTESIAN_POINT('',(111.848332900417,111.000001594424,23.0000003427267));
#3348=CARTESIAN_POINT('',(72.8483329004172,111.000001594424,-3.00000004470348));
#3349=CARTESIAN_POINT('',(111.848332900417,111.000001594424,-3.00000004470348));
#3350=CARTESIAN_POINT('',(72.8483329004172,111.000001594424,-3.00000004470348));
#3351=CARTESIAN_POINT('Origin',(93.000001385808,41.752344310071,10.0000001490116));
#3352=CARTESIAN_POINT('',(90.550001385808,41.752344310071,10.0000001490116));
#3353=CARTESIAN_POINT('Origin',(111.848332900417,80.0000011920929,-2.99999970197678));
#3354=CARTESIAN_POINT('',(111.848332900417,80.0000011920929,-3.00000004470348));
#3355=CARTESIAN_POINT('',(111.848332900417,68.000001013279,3.42726705349072E-7));
#3356=CARTESIAN_POINT('',(111.848332900417,80.0000011920929,-2.99999970197678));
#3357=CARTESIAN_POINT('',(108.848332900417,68.000001013279,3.42726705349072E-7));
#3358=CARTESIAN_POINT('',(102.089084973605,68.0000023841858,0.));
#3359=CARTESIAN_POINT('',(108.848332900417,80.0000011920929,-2.99999970197678));
#3360=CARTESIAN_POINT('',(108.848332900417,80.0000011920929,-2.99999970197678));
#3361=CARTESIAN_POINT('',(111.848332900417,80.0000011920929,-3.00000004470348));
#3362=CARTESIAN_POINT('Origin',(108.848332900417,74.0000011026859,-1.49999953061342));
#3363=CARTESIAN_POINT('',(108.848332900417,80.0000011920929,6.40749929226025E-7));
#3364=CARTESIAN_POINT('',(108.848332900417,67.9164418766564,0.));
#3365=CARTESIAN_POINT('',(108.848332900417,80.0000011920929,-2.24999978765845));
#3366=CARTESIAN_POINT('Origin',(72.8113411931683,79.999998986721,-2.99999970197678));
#3367=CARTESIAN_POINT('',(72.8483329004172,80.0000011920929,-3.00000004470348));
#3368=CARTESIAN_POINT('',(72.8483329004172,80.0000011920929,0.));
#3369=CARTESIAN_POINT('',(72.8483329004172,80.0000011920929,-3.00000004470348));
#3370=CARTESIAN_POINT('',(72.8113411931683,79.999998986721,-2.99999970197678));
#3371=CARTESIAN_POINT('',(72.8113411931683,79.999998986721,-2.99999970197678));
#3372=CARTESIAN_POINT('',(72.8113411931683,79.999998986721,6.40749927560691E-7));
#3373=CARTESIAN_POINT('',(72.8113411931683,79.999998986721,-2.99999970197678));
#3374=CARTESIAN_POINT('',(82.5705891199806,79.999998986721,0.));
#3375=CARTESIAN_POINT('Origin',(72.8113411931683,67.9999988079071,3.42726705349072E-7));
#3376=CARTESIAN_POINT('',(72.8113411931683,67.9999988079071,3.42726705171709E-7));
#3377=CARTESIAN_POINT('',(72.8113411931683,79.999998986721,-2.99999970197678));
#3378=CARTESIAN_POINT('',(75.8113411931683,79.999998986721,-2.99999970197678));
#3379=CARTESIAN_POINT('',(111.848332900417,80.0000011920929,-3.00000004470348));
#3380=CARTESIAN_POINT('',(75.8113411931683,67.9999988079071,3.42726705171709E-7));
#3381=CARTESIAN_POINT('',(75.8113411931683,79.999998986721,-2.99999970197678));
#3382=CARTESIAN_POINT('',(82.5705891199806,68.0000001788139,0.));
#3383=CARTESIAN_POINT('Origin',(75.8113411931683,73.9999988973141,-1.49999953061343));
#3384=CARTESIAN_POINT('',(75.8113411931683,79.999998986721,6.40749927560691E-7));
#3385=CARTESIAN_POINT('',(75.8113411931683,67.9164407739705,0.));
#3386=CARTESIAN_POINT('',(75.8113411931683,80.0000011920929,-2.24999978765845));
#3387=CARTESIAN_POINT('Origin',(92.3298370467928,61.8328826506269,0.));
#3388=CARTESIAN_POINT('',(111.848332900417,81.9134209911829,0.));
#3389=CARTESIAN_POINT('',(72.8113411931683,41.752344310071,0.));
#3390=CARTESIAN_POINT('',(102.089084973605,80.0000011920929,0.));
#3391=CARTESIAN_POINT('Origin',(92.3298370467928,61.8328826506269,0.));
#3392=CARTESIAN_POINT('',(72.8113411931683,81.9134209911829,0.));
#3393=CARTESIAN_POINT('',(72.8113411931683,41.752344310071,0.));
#3394=CARTESIAN_POINT('',(72.8483329004172,81.9134209911829,0.));
#3395=CARTESIAN_POINT('',(72.8113411931683,81.9134209911829,0.));
#3396=CARTESIAN_POINT('',(72.8483329004172,77.6664420219427,0.));
#3397=CARTESIAN_POINT('Origin',(72.8113411931683,79.9999989867211,20.));
#3398=CARTESIAN_POINT('',(72.8483329004172,80.0000011920929,20.));
#3399=CARTESIAN_POINT('',(72.8483329004172,80.0000011920929,23.0000003427267));
#3400=CARTESIAN_POINT('',(72.8483329004172,80.0000011920929,-3.00000004470348));
#3401=CARTESIAN_POINT('',(72.8113411931683,79.9999989867211,20.));
#3402=CARTESIAN_POINT('',(82.5705891199805,79.9999989867211,20.));
#3403=CARTESIAN_POINT('',(72.8113411931683,79.9999989867211,23.0000003427267));
#3404=CARTESIAN_POINT('',(72.8113411931683,79.9999989867211,23.0000003427267));
#3405=CARTESIAN_POINT('',(72.8113411931683,79.9999989867211,23.0000003427267));
#3406=CARTESIAN_POINT('Origin',(72.8113411931683,79.9999989867211,23.0000003427267));
#3407=CARTESIAN_POINT('',(72.8113411931683,67.9999988079071,20.0000002980232));
#3408=CARTESIAN_POINT('',(72.8113411931683,79.9999989867211,23.0000003427267));
#3409=CARTESIAN_POINT('',(75.8113411931683,67.9999988079071,20.0000002980232));
#3410=CARTESIAN_POINT('',(82.5705891199805,67.9999976158142,20.));
#3411=CARTESIAN_POINT('',(75.8113411931683,79.9999989867211,23.0000003427267));
#3412=CARTESIAN_POINT('',(75.8113411931683,79.9999989867211,23.0000003427267));
#3413=CARTESIAN_POINT('',(111.848332900417,80.0000011920929,23.0000003427267));
#3414=CARTESIAN_POINT('Origin',(75.8113411931683,73.9999988973141,21.5000001713634));
#3415=CARTESIAN_POINT('',(75.8113411931683,79.9999989867211,20.));
#3416=CARTESIAN_POINT('',(75.8113411931683,67.9164407739705,20.));
#3417=CARTESIAN_POINT('',(75.8113411931683,80.0000011920929,20.7500000856817));
#3418=CARTESIAN_POINT('Origin',(92.3298370467928,61.8328826506269,20.));
#3419=CARTESIAN_POINT('',(72.8483329004172,81.9134209911829,20.));
#3420=CARTESIAN_POINT('',(72.8483329004172,77.6664420219427,20.));
#3421=CARTESIAN_POINT('',(72.8113411931683,81.9134209911829,20.));
#3422=CARTESIAN_POINT('',(72.8113411931683,81.9134209911829,20.));
#3423=CARTESIAN_POINT('',(72.8113411931683,41.752344310071,20.));
#3424=CARTESIAN_POINT('Origin',(111.848332900417,68.000001013279,20.0000002980232));
#3425=CARTESIAN_POINT('',(111.848332900417,80.0000011920929,23.0000003427267));
#3426=CARTESIAN_POINT('',(111.848332900417,68.000001013279,20.0000002980232));
#3427=CARTESIAN_POINT('',(111.848332900417,80.0000011920929,23.0000003427267));
#3428=CARTESIAN_POINT('',(108.848332900417,80.0000011920929,23.0000003427267));
#3429=CARTESIAN_POINT('',(111.848332900417,80.0000011920929,23.0000003427267));
#3430=CARTESIAN_POINT('',(108.848332900417,68.000001013279,20.0000002980232));
#3431=CARTESIAN_POINT('',(108.848332900417,80.0000011920929,23.0000003427267));
#3432=CARTESIAN_POINT('',(102.089084973605,67.9999998211861,20.));
#3433=CARTESIAN_POINT('Origin',(108.848332900417,74.0000011026859,21.5000001713634));
#3434=CARTESIAN_POINT('',(108.848332900417,80.0000011920929,20.));
#3435=CARTESIAN_POINT('',(108.848332900417,67.9164418766564,20.));
#3436=CARTESIAN_POINT('',(108.848332900417,80.0000011920929,20.7500000856817));
#3437=CARTESIAN_POINT('Origin',(92.0000013709068,107.000001594424,10.0000001490116));
#3438=CARTESIAN_POINT('',(94.7000013709068,107.000001594424,10.0000001490116));
#3439=CARTESIAN_POINT('Origin',(111.848332900417,80.0000011920929,23.0000003427267));
#3440=CARTESIAN_POINT('',(111.848332900417,80.0000011920929,23.0000003427267));
#3441=CARTESIAN_POINT('',(72.8483329004172,80.0000011920929,23.0000003427267));
#3442=CARTESIAN_POINT('',(111.848332900417,80.0000011920929,23.0000003427267));
#3443=CARTESIAN_POINT('Origin',(111.848332900417,80.0000011920929,20.));
#3444=CARTESIAN_POINT('',(102.089084973605,80.0000011920929,20.));
#3445=CARTESIAN_POINT('Origin',(111.848332900417,80.0000011920929,-3.00000004470348));
#3446=CARTESIAN_POINT('',(111.848332900417,80.0000011920929,-3.00000004470348));
#3447=CARTESIAN_POINT('Origin',(111.848332900417,107.000001594424,-3.00000004470348));
#3448=CARTESIAN_POINT('',(111.848332900417,107.000001594424,-3.00000004470348));
#3449=CARTESIAN_POINT('',(72.8483329004172,107.000001594424,-3.00000004470348));
#3450=CARTESIAN_POINT('Origin',(72.8483329004172,93.5000013932586,10.0000001490116));
#3451=CARTESIAN_POINT('',(72.8483329004172,81.9134209911829,5.00000007450581));
#3452=CARTESIAN_POINT('Origin',(92.3298370467928,61.8328826506269,20.));
#3453=CARTESIAN_POINT('',(72.8113411931683,41.752344310071,20.));
#3454=CARTESIAN_POINT('',(111.848332900417,41.752344310071,20.));
#3455=CARTESIAN_POINT('Origin',(72.8113411931683,81.9134209911829,0.));
#3456=CARTESIAN_POINT('',(72.8113411931683,81.9134209911829,0.));
#3457=CARTESIAN_POINT('Origin',(111.848332900417,81.9134209911829,0.));
#3458=CARTESIAN_POINT('Origin',(111.848332900417,41.752344310071,0.));
#3459=CARTESIAN_POINT('Origin',(-25.,110.,0.));
#3460=CARTESIAN_POINT('',(-35.2,110.,0.));
#3461=CARTESIAN_POINT('Origin',(-25.,110.,0.));
#3462=CARTESIAN_POINT('',(-35.1999999999999,110.000001639128,7.5500001490116));
#3463=CARTESIAN_POINT('',(-35.2,110.,0.));
#3464=CARTESIAN_POINT('',(-35.2,110.,12.4500001490111));
#3465=CARTESIAN_POINT('Ctrl Pts',(-35.2,110.,12.4500001490111));
#3466=CARTESIAN_POINT('Ctrl Pts',(-35.2,109.691086008177,12.4499999423378));
#3467=CARTESIAN_POINT('Ctrl Pts',(-35.1845583426348,109.362396915732,12.3880170984099));
#3468=CARTESIAN_POINT('Ctrl Pts',(-35.1287690720149,108.759111842542,12.1376056251366));
#3469=CARTESIAN_POINT('Ctrl Pts',(-35.0891740192274,108.484420965034,11.94924270107));
#3470=CARTESIAN_POINT('Ctrl Pts',(-35.0144287570516,108.050733379779,11.5155551191392));
#3471=CARTESIAN_POINT('Ctrl Pts',(-34.9743226096849,107.862390524988,11.2408749954978));
#3472=CARTESIAN_POINT('Ctrl Pts',(-34.9173540831879,107.611993677551,10.6376278927592));
#3473=CARTESIAN_POINT('Ctrl Pts',(-34.9013891970634,107.550001639128,10.3089507819591));
#3474=CARTESIAN_POINT('Ctrl Pts',(-34.9013891970634,107.550001639128,9.69104951606414));
#3475=CARTESIAN_POINT('Ctrl Pts',(-34.9173540831879,107.611993677551,9.36237240526406));
#3476=CARTESIAN_POINT('Ctrl Pts',(-34.9743226096849,107.862390524988,8.75912530252537));
#3477=CARTESIAN_POINT('Ctrl Pts',(-35.0144287570516,108.050733379779,8.48444517888406));
#3478=CARTESIAN_POINT('Ctrl Pts',(-35.0891740192274,108.484420965034,8.05075759695325));
#3479=CARTESIAN_POINT('Ctrl Pts',(-35.1287690720149,108.759111842542,7.8623946728866));
#3480=CARTESIAN_POINT('Ctrl Pts',(-35.1845583426348,109.362396915732,7.61198319961331));
#3481=CARTESIAN_POINT('Ctrl Pts',(-35.2,109.691086008177,7.55000035568545));
#3482=CARTESIAN_POINT('Ctrl Pts',(-35.2,110.,7.55000014901215));
#3483=CARTESIAN_POINT('',(-35.2,110.,20.));
#3484=CARTESIAN_POINT('',(-35.2,110.,0.));
#3485=CARTESIAN_POINT('Origin',(-25.,110.,20.));
#3486=CARTESIAN_POINT('',(-34.9013883858917,112.450001639128,10.0000001490116));
#3487=CARTESIAN_POINT('Ctrl Pts',(-34.9013883858917,112.450001639128,10.0000001490116));
#3488=CARTESIAN_POINT('Ctrl Pts',(-34.9013883858917,112.450001639128,10.3089507831552));
#3489=CARTESIAN_POINT('Ctrl Pts',(-34.9173532940393,112.388009600202,10.6376278930367));
#3490=CARTESIAN_POINT('Ctrl Pts',(-34.9743219066732,112.137612755824,11.2408749902709));
#3491=CARTESIAN_POINT('Ctrl Pts',(-35.0144281178488,111.949269904745,11.5155551095468));
#3492=CARTESIAN_POINT('Ctrl Pts',(-35.0891735248391,111.515582327717,11.9492426898977));
#3493=CARTESIAN_POINT('Ctrl Pts',(-35.1287686687148,111.240891451905,12.1376056160708));
#3494=CARTESIAN_POINT('Ctrl Pts',(-35.1845581368399,110.637606376343,12.3880170950188));
#3495=CARTESIAN_POINT('Ctrl Pts',(-35.1999999503578,110.30891564039,12.4500001490116));
#3496=CARTESIAN_POINT('Ctrl Pts',(-35.1999999999999,110.000001639128,12.4500001490116));
#3497=CARTESIAN_POINT('Ctrl Pts',(-35.1999999999999,110.000001639128,7.5500001490116));
#3498=CARTESIAN_POINT('Ctrl Pts',(-35.1999999503578,110.30891564039,7.5500001490116));
#3499=CARTESIAN_POINT('Ctrl Pts',(-35.1845581368399,110.637606376343,7.61198320300448));
#3500=CARTESIAN_POINT('Ctrl Pts',(-35.1287686687148,111.240891451905,7.8623946819524));
#3501=CARTESIAN_POINT('Ctrl Pts',(-35.0891735248391,111.515582327717,8.05075760812554));
#3502=CARTESIAN_POINT('Ctrl Pts',(-35.0144281178488,111.949269904745,8.48444518847645));
#3503=CARTESIAN_POINT('Ctrl Pts',(-34.9743219066732,112.137612755824,8.75912530775235));
#3504=CARTESIAN_POINT('Ctrl Pts',(-34.9173532940393,112.388009600202,9.36237240498653));
#3505=CARTESIAN_POINT('Ctrl Pts',(-34.9013883858917,112.450001639128,9.69104951486801));
#3506=CARTESIAN_POINT('Ctrl Pts',(-34.9013883858917,112.450001639128,10.0000001490116));
#3507=CARTESIAN_POINT('Origin',(-44.,110.000001370907,5.50000014901161));
#3508=CARTESIAN_POINT('',(-44.,110.000001370907,5.50000014901161));
#3509=CARTESIAN_POINT('',(-44.,114.000001423061,7.50000014901161));
#3510=CARTESIAN_POINT('',(-44.,110.900000785701,5.94999985054135));
#3511=CARTESIAN_POINT('',(-40.,110.000001370907,5.50000014901161));
#3512=CARTESIAN_POINT('',(-44.,110.000001370907,5.50000014901161));
#3513=CARTESIAN_POINT('',(-40.,114.000001423061,7.50000014901161));
#3514=CARTESIAN_POINT('',(-40.,114.000001423061,7.50000014901161));
#3515=CARTESIAN_POINT('',(-44.,114.000001423061,7.50000014901161));
#3516=CARTESIAN_POINT('Origin',(-44.,106.000001303852,7.50000014901161));
#3517=CARTESIAN_POINT('',(-44.,106.000001303852,7.50000014901161));
#3518=CARTESIAN_POINT('',(-44.,107.100000827871,6.95000039622188));
#3519=CARTESIAN_POINT('',(-40.,106.000001303852,7.50000014901161));
#3520=CARTESIAN_POINT('',(-44.,106.000001303852,7.50000014901161));
#3521=CARTESIAN_POINT('',(-40.,110.000001370907,5.50000014901161));
#3522=CARTESIAN_POINT('Origin',(-44.,106.000001303852,12.5000001490116));
#3523=CARTESIAN_POINT('',(-44.,106.000001303852,12.5000001490116));
#3524=CARTESIAN_POINT('',(-44.,106.000001303852,11.2500000745058));
#3525=CARTESIAN_POINT('',(-40.,106.000001303852,12.5000001490116));
#3526=CARTESIAN_POINT('',(-44.,106.000001303852,12.5000001490116));
#3527=CARTESIAN_POINT('',(-40.,106.000001303852,10.0000001490116));
#3528=CARTESIAN_POINT('Origin',(-44.,110.000001370907,14.5000001490116));
#3529=CARTESIAN_POINT('',(-44.,110.000001370907,14.5000001490116));
#3530=CARTESIAN_POINT('',(-44.,109.100000801794,14.049999871999));
#3531=CARTESIAN_POINT('',(-40.,110.000001370907,14.5000001490116));
#3532=CARTESIAN_POINT('',(-44.,110.000001370907,14.5000001490116));
#3533=CARTESIAN_POINT('',(-40.,106.000001303852,12.5000001490116));
#3534=CARTESIAN_POINT('Origin',(-44.,114.000001423061,12.5000001490116));
#3535=CARTESIAN_POINT('',(-44.,114.000001423061,12.5000001490116));
#3536=CARTESIAN_POINT('',(-44.,112.900000871383,13.0500004176796));
#3537=CARTESIAN_POINT('',(-40.,114.000001423061,12.5000001490116));
#3538=CARTESIAN_POINT('',(-44.,114.000001423061,12.5000001490116));
#3539=CARTESIAN_POINT('',(-40.,114.000001423061,12.5000001490116));
#3540=CARTESIAN_POINT('Origin',(-44.,114.000001423061,7.50000014901161));
#3541=CARTESIAN_POINT('',(-44.,114.000001423061,8.75000007450581));
#3542=CARTESIAN_POINT('',(-40.,114.000001423061,10.0000001490116));
#3543=CARTESIAN_POINT('Origin',(-40.,110.000001363456,10.0000001490116));
#3544=CARTESIAN_POINT('',(-40.,112.450001639128,10.0000001490116));
#3545=CARTESIAN_POINT('Origin',(-40.,110.000001639128,10.0000001490116));
#3546=CARTESIAN_POINT('Origin',(-44.,110.,10.));
#3547=CARTESIAN_POINT('',(-44.,125.,20.));
#3548=CARTESIAN_POINT('',(-44.,125.,0.));
#3549=CARTESIAN_POINT('',(-44.,125.,20.));
#3550=CARTESIAN_POINT('',(-44.,95.,0.));
#3551=CARTESIAN_POINT('',(-44.,125.,0.));
#3552=CARTESIAN_POINT('',(-44.,95.,20.));
#3553=CARTESIAN_POINT('',(-44.,95.,0.));
#3554=CARTESIAN_POINT('',(-44.,95.,20.));
#3555=CARTESIAN_POINT('Origin',(2.,100.000001564622,10.));
#3556=CARTESIAN_POINT('',(2.,100.000001564622,10.));
#3557=CARTESIAN_POINT('',(-10.0000001490116,95.0000014156103,10.));
#3558=CARTESIAN_POINT('',(2.,100.000001564622,10.));
#3559=CARTESIAN_POINT('',(-10.,95.,0.));
#3560=CARTESIAN_POINT('',(-10.,95.,0.));
#3561=CARTESIAN_POINT('',(2.,100.000001564622,0.));
#3562=CARTESIAN_POINT('',(2.,100.000001564622,0.));
#3563=CARTESIAN_POINT('',(2.,100.000001564622,0.));
#3564=CARTESIAN_POINT('Origin',(-10.,95.,0.));
#3565=CARTESIAN_POINT('',(-10.,115.000001713634,10.));
#3566=CARTESIAN_POINT('',(-10.,100.000000782311,10.));
#3567=CARTESIAN_POINT('',(-10.,115.000001713634,0.));
#3568=CARTESIAN_POINT('',(-10.,115.000001713634,0.));
#3569=CARTESIAN_POINT('',(-10.,125.,0.));
#3570=CARTESIAN_POINT('',(-10.,125.,0.));
#3571=CARTESIAN_POINT('',(-10.,125.,20.));
#3572=CARTESIAN_POINT('',(-10.,125.,0.));
#3573=CARTESIAN_POINT('',(-10.,95.,20.));
#3574=CARTESIAN_POINT('',(-10.,125.,20.));
#3575=CARTESIAN_POINT('',(-10.,95.,0.));
#3576=CARTESIAN_POINT('Origin',(-40.,110.000001639128,10.0000001490116));
#3577=CARTESIAN_POINT('',(-40.,112.450001639128,10.0000001490116));
#3578=CARTESIAN_POINT('Origin',(2.,105.000001564622,0.));
#3579=CARTESIAN_POINT('',(2.,109.000001713634,2.21435078209737));
#3580=CARTESIAN_POINT('',(2.,109.000001713634,7.33749888522359));
#3581=CARTESIAN_POINT('Origin',(2.,110.061683260573,4.77592483366048));
#3582=CARTESIAN_POINT('',(2.,109.000001713634,7.50000008195639));
#3583=CARTESIAN_POINT('',(2.,109.000001713634,2.40000004097819));
#3584=CARTESIAN_POINT('',(2.,115.000001713634,7.50000008195639));
#3585=CARTESIAN_POINT('',(2.,110.000001639128,7.50000008195639));
#3586=CARTESIAN_POINT('',(2.,115.000001713634,10.));
#3587=CARTESIAN_POINT('',(2.,115.000001713634,0.));
#3588=CARTESIAN_POINT('',(2.,105.000001564622,10.));
#3589=CARTESIAN_POINT('',(2.,115.000001713634,0.));
#3590=CARTESIAN_POINT('',(2.,105.000001564622,0.));
#3591=CARTESIAN_POINT('',(2.,115.000001713634,2.10000008195639));
#3592=CARTESIAN_POINT('',(2.,115.000001713634,0.));
#3593=CARTESIAN_POINT('',(2.,109.000001713634,2.10000008195639));
#3594=CARTESIAN_POINT('',(2.,110.000001639128,2.10000008195639));
#3595=CARTESIAN_POINT('',(2.,109.000001713634,2.40000004097819));
#3596=CARTESIAN_POINT('Origin',(0.,110.061683260573,4.77592483366048));
#3597=CARTESIAN_POINT('',(-1.00000001490116,109.000001713634,2.21435078209738));
#3598=CARTESIAN_POINT('',(0.,109.000001713634,2.21435078209737));
#3599=CARTESIAN_POINT('',(-1.00000001490116,109.000001713634,7.33749888522359));
#3600=CARTESIAN_POINT('Origin',(-1.00000001490116,110.061683260573,4.77592483366048));
#3601=CARTESIAN_POINT('',(0.,109.000001713634,7.33749888522359));
#3602=CARTESIAN_POINT('Origin',(0.,115.000001713634,7.50000008195639));
#3603=CARTESIAN_POINT('',(-1.00000001490116,109.000001713634,7.50000008195639));
#3604=CARTESIAN_POINT('',(-1.00000001490116,109.000001713634,7.50000008195639));
#3605=CARTESIAN_POINT('',(-1.00000001490116,115.000001713634,7.50000008195639));
#3606=CARTESIAN_POINT('',(-1.00000001490116,115.000001713634,7.50000008195639));
#3607=CARTESIAN_POINT('',(0.,115.000001713634,7.50000008195639));
#3608=CARTESIAN_POINT('Origin',(-0.500000007450581,109.000001713634,4.80000008195639));
#3609=CARTESIAN_POINT('',(-1.00000001490116,109.000001713634,2.40000004097819));
#3610=CARTESIAN_POINT('Origin',(-0.500000007450581,109.000001713634,4.80000008195639));
#3611=CARTESIAN_POINT('',(-1.00000001490116,109.000001713634,2.10000008195639));
#3612=CARTESIAN_POINT('',(0.,109.000001713634,2.10000008195639));
#3613=CARTESIAN_POINT('',(-1.00000001490116,109.000001713634,2.40000004097819));
#3614=CARTESIAN_POINT('Origin',(-1.00000001490116,115.000001713634,2.10000008195639));
#3615=CARTESIAN_POINT('',(-1.00000001490116,115.000001713634,2.10000008195639));
#3616=CARTESIAN_POINT('',(-1.00000001490116,115.000001713634,2.10000008195639));
#3617=CARTESIAN_POINT('',(-0.500000007450581,115.000001713634,2.10000008195639));
#3618=CARTESIAN_POINT('Origin',(0.,115.000001713634,0.));
#3619=CARTESIAN_POINT('',(-1.00000001490116,115.000001713634,0.));
#3620=CARTESIAN_POINT('',(0.,115.000001713634,0.));
#3621=CARTESIAN_POINT('',(-1.00000001490116,115.000001713634,0.));
#3622=CARTESIAN_POINT('Origin',(0.,115.000001713634,0.));
#3623=CARTESIAN_POINT('',(-1.00000001490116,115.000001713634,10.));
#3624=CARTESIAN_POINT('',(-1.00000001490116,115.000001713634,0.));
#3625=CARTESIAN_POINT('',(0.,115.000001713634,10.));
#3626=CARTESIAN_POINT('Origin',(-1.00000001490116,115.000001713634,0.));
#3627=CARTESIAN_POINT('',(-1.00000001490116,105.000001713634,0.));
#3628=CARTESIAN_POINT('',(-1.00000001490116,112.500000856817,0.));
#3629=CARTESIAN_POINT('',(-1.00000001490116,105.000001713634,10.));
#3630=CARTESIAN_POINT('',(-1.00000001490116,105.000001713634,10.));
#3631=CARTESIAN_POINT('',(-1.00000001490116,112.500001676381,10.));
#3632=CARTESIAN_POINT('Origin',(-7.00000010430813,115.000001713634,10.));
#3633=CARTESIAN_POINT('',(-7.00000010430813,115.000001713634,10.));
#3634=CARTESIAN_POINT('',(-7.00000010430813,115.000001713634,0.));
#3635=CARTESIAN_POINT('',(-7.00000010430813,115.000001713634,5.));
#3636=CARTESIAN_POINT('',(-7.00000010430813,105.000001713634,10.));
#3637=CARTESIAN_POINT('',(-7.00000010430813,112.500001676381,10.));
#3638=CARTESIAN_POINT('',(-7.00000010430813,105.000001713634,0.));
#3639=CARTESIAN_POINT('',(-7.00000010430813,105.000001713634,0.));
#3640=CARTESIAN_POINT('',(-7.00000010430813,112.500000856817,0.));
#3641=CARTESIAN_POINT('Origin',(-4.00000005960464,105.000001713634,5.));
#3642=CARTESIAN_POINT('',(-14.5000000298023,105.000001713634,0.));
#3643=CARTESIAN_POINT('',(-4.50000006705523,105.000001713634,10.));
#3644=CARTESIAN_POINT('Origin',(-5.00000007450581,110.000001639128,10.));
#3645=CARTESIAN_POINT('',(0.,115.000001713634,10.));
#3646=CARTESIAN_POINT('Origin',(0.,115.000001713634,0.));
#3647=CARTESIAN_POINT('',(0.,115.000001713634,0.));
#3648=CARTESIAN_POINT('Origin',(-10.,125.,0.));
#3649=CARTESIAN_POINT('',(-40.,125.,0.));
#3650=CARTESIAN_POINT('',(-40.,125.,20.));
#3651=CARTESIAN_POINT('Origin',(-40.,95.,0.));
#3652=CARTESIAN_POINT('',(-10.,95.,0.));
#3653=CARTESIAN_POINT('',(-40.,95.,20.));
#3654=CARTESIAN_POINT('Origin',(-25.,110.,20.));
#3655=CARTESIAN_POINT('Origin',(-25.,110.,0.));
#3656=UNCERTAINTY_MEASURE_WITH_UNIT(LENGTH_MEASURE(0.01),#3660,
'DISTANCE_ACCURACY_VALUE',
'Maximum model space distance between geometric entities at asserted c
onnectivities');
#3657=UNCERTAINTY_MEASURE_WITH_UNIT(LENGTH_MEASURE(0.01),#3660,
'DISTANCE_ACCURACY_VALUE',
'Maximum model space distance between geometric entities at asserted c
onnectivities');
#3658=(
GEOMETRIC_REPRESENTATION_CONTEXT(3)
GLOBAL_UNCERTAINTY_ASSIGNED_CONTEXT((#3656))
GLOBAL_UNIT_ASSIGNED_CONTEXT((#3660,#3662,#3663))
REPRESENTATION_CONTEXT('','3D')
);
#3659=(
GEOMETRIC_REPRESENTATION_CONTEXT(3)
GLOBAL_UNCERTAINTY_ASSIGNED_CONTEXT((#3657))
GLOBAL_UNIT_ASSIGNED_CONTEXT((#3660,#3662,#3663))
REPRESENTATION_CONTEXT('','3D')
);
#3660=(
LENGTH_UNIT()
NAMED_UNIT(*)
SI_UNIT(.MILLI.,.METRE.)
);
#3661=(
LENGTH_UNIT()
NAMED_UNIT(*)
SI_UNIT($,.METRE.)
);
#3662=(
NAMED_UNIT(*)
PLANE_ANGLE_UNIT()
SI_UNIT($,.RADIAN.)
);
#3663=(
NAMED_UNIT(*)
SI_UNIT($,.STERADIAN.)
SOLID_ANGLE_UNIT()
);
#3664=SHAPE_DEFINITION_REPRESENTATION(#3665,#3666);
#3665=PRODUCT_DEFINITION_SHAPE('',$,#3668);
#3666=SHAPE_REPRESENTATION('',(#2226),#3658);
#3667=PRODUCT_DEFINITION_CONTEXT('part definition',#3672,'design');
#3668=PRODUCT_DEFINITION('Self Balancing Robot','self balancing robot',
#3669,#3667);
#3669=PRODUCT_DEFINITION_FORMATION('',$,#3674);
#3670=PRODUCT_RELATED_PRODUCT_CATEGORY('self balancing robot',
'self balancing robot',(#3674));
#3671=APPLICATION_PROTOCOL_DEFINITION('international standard',
'automotive_design',2009,#3672);
#3672=APPLICATION_CONTEXT(
'Core Data for Automotive Mechanical Design Process');
#3673=PRODUCT_CONTEXT('part definition',#3672,'mechanical');
#3674=PRODUCT('Self Balancing Robot','self balancing robot',$,(#3673));
#3675=PRESENTATION_STYLE_ASSIGNMENT((#3676));
#3676=SURFACE_STYLE_USAGE(.BOTH.,#3677);
#3677=SURFACE_SIDE_STYLE('',(#3678));
#3678=SURFACE_STYLE_FILL_AREA(#3679);
#3679=FILL_AREA_STYLE('Steel - Satin',(#3680));
#3680=FILL_AREA_STYLE_COLOUR('Steel - Satin',#3681);
#3681=COLOUR_RGB('Steel - Satin',0.627450980392157,0.627450980392157,0.627450980392157);
ENDSEC;
END-ISO-10303-21;
